meas,index,voice,loc,tick,sec,dur,rval,dots,sci_pitch,dmark,dlevel,status,d0,d1,bar,section,bpm,grace,damp_down_fl,soft_down_fl,sost_down_fl,even,dyn,tempo,cost,has_stats_fl,even_min,even_max,even_mean,even_std,dyn_min,dyn_max,dyn_mean,dyn_std,tempo_min,tempo_max,tempo_mean,tempo_std,cost_min,cost_max,cost_mean,cost_std
,1,,,0,0.000000,,,,,,,176,67,19,,,,,0,0,0,,,,,,,,,,,,,,,,,,,,,
,2,,,0,0.002604,,,,,,,176,67,20,,,,,0,0,0,,,,,,,,,,,,,,,,,,,,,
,3,,,0,0.153636,,,,,,,176,64,5,,,,,0,0,0,,,,,,,,,,,,,,,,,,,,,
,4,,,0,0.164052,,,,,,,176,64,4,,,,,0,0,0,,,,,,,,,,,,,,,,,,,,,
,5,,,0,0.302064,,,,,,,176,64,5,,,,,0,0,0,,,,,,,,,,,,,,,,,,,,,
,6,,,0,0.312480,,,,,,,176,64,4,,,,,0,0,0,,,,,,,,,,,,,,,,,,,,,
,7,,,0,1.143156,,,,,,,176,67,19,,,,,0,0,0,,,,,,,,,,,,,,,,,,,,,
,8,,,0,1.153572,,,,,,,176,67,20,,,,,0,0,0,,,,,,,,,,,,,,,,,,,,,
,9,,,0,1.442616,,,,,,,176,64,5,,,,,0,0,0,,,,,,,,,,,,,,,,,,,,,
,10,,,0,1.453032,,,,,,,176,64,4,,,,,0,0,0,,,,,,,,,,,,,,,,,,,,,
,11,,,0,1.903524,,,,,,,176,64,5,,,,,0,0,0,,,,,,,,,,,,,,,,,,,,,
,12,,,0,1.913940,,,,,,,176,64,4,,,,,0,0,0,,,,,,,,,,,,,,,,,,,,,
,13,,,0,1.973832,,,,,,,176,67,19,,,,,0,0,0,,,,,,,,,,,,,,,,,,,,,
,14,,,0,1.984248,,,,,,,176,67,20,,,,,0,0,0,,,,,,,,,,,,,,,,,,,,,
,15,,,0,2.143092,,,,,,,176,64,5,,,,,0,0,0,,,,,,,,,,,,,,,,,,,,,
,16,,,0,2.153508,,,,,,,176,64,4,,,,,0,0,0,,,,,,,,,,,,,,,,,,,,,
,17,,,0,2.794092,,,,,,,176,64,5,,,,,0,0,0,,,,,,,,,,,,,,,,,,,,,
,18,,,0,2.801904,,,,,,,176,64,4,,,,,0,0,0,,,,,,,,,,,,,,,,,,,,,
,19,,,0,2.893044,,,,,,,176,67,19,,,,,0,0,0,,,,,,,,,,,,,,,,,,,,,
,20,,,0,2.908668,,,,,,,176,67,20,,,,,0,0,0,,,,,,,,,,,,,,,,,,,,,
,21,,,0,2.963352,,,,,,,176,67,19,,,,,0,0,0,,,,,,,,,,,,,,,,,,,,,
,22,,,0,2.973768,,,,,,,176,67,20,,,,,0,0,0,,,,,,,,,,,,,,,,,,,,,
302,23,1,4232,0,2.997204,0.0,0.0,0,F#4,,5,144,66,26,,6008,,,0,0,0,,,,,0,,,,,,,,,,,,,,,,
,24,,,0,3.012828,,,,,,,176,64,5,,,,,0,0,0,,,,,,,,,,,,,,,,,,,,,
,25,,,0,3.023244,,,,,,,176,64,4,,,,,0,0,0,,,,,,,,,,,,,,,,,,,,,
,26,,,0,3.093552,,,,,,,176,64,5,,,,,0,0,0,,,,,,,,,,,,,,,,,,,,,
,27,,,0,3.103968,,,,,,,176,64,4,,,,,0,0,0,,,,,,,,,,,,,,,,,,,,,
302,28,1,4233,0,3.122196,0.0,0.0,0,E1,,5,144,28,26,,6008,,,0,0,0,,,,,0,,,,,,,,,,,,,,,,
,29,,,0,3.143028,,,,,,,176,64,5,,,,,0,0,0,,,,,,,,,,,,,,,,,,,,,
,30,,,0,3.153444,,,,,,,176,64,4,,,,,0,0,0,,,,,,,,,,,,,,,,,,,,,
,31,,,0,3.179484,,,,,,,128,66,0,,,,,0,0,0,,,,,,,,,,,,,,,,,,,,,
,32,,,0,3.312288,,,,,,,176,64,5,,,,,0,0,0,,,,,,,,,,,,,,,,,,,,,
,33,,,0,3.322704,,,,,,,176,64,4,,,,,0,0,0,,,,,,,,,,,,,,,,,,,,,
,34,,,0,3.403428,,,,,,,176,64,5,,,,,0,0,0,,,,,,,,,,,,,,,,,,,,,
,35,,,0,3.413844,,,,,,,176,64,4,,,,,0,0,0,,,,,,,,,,,,,,,,,,,,,
,36,,,0,3.551856,,,,,,,176,64,6,,,,,0,0,0,,,,,,,,,,,,,,,,,,,,,
,37,,,0,3.562272,,,,,,,176,64,11,,,,,0,0,0,,,,,,,,,,,,,,,,,,,,,
,38,,,0,3.572688,,,,,,,176,64,19,,,,,0,0,0,,,,,,,,,,,,,,,,,,,,,
302,39,1,4234,0,3.580500,0.0,0.0,0,C#5,,11,144,73,58,,6008,,,0,0,0,,,,,0,,,,,,,,,,,,,,,,
,40,,,0,3.583104,,,,,,,176,64,21,,,,,0,0,0,,,,,,,,,,,,,,,,,,,,,
,41,,,0,3.593520,,,,,,,176,64,26,,,,,0,0,0,,,,,,,,,,,,,,,,,,,,,
,42,,,0,3.603936,,,,,,,176,64,27,,,,,0,0,0,,,,,,,,,,,,,,,,,,,,,
,43,,,0,3.614352,,,,,,,176,64,31,,,,,0,0,0,,,,,,,,,,,,,,,,,,,,,
,44,,,0,3.622164,,,,,,,176,64,34,,,,,0,0,0,,,,,,,,,,,,,,,,,,,,,
,45,,,0,3.632580,,,,,,,176,64,39,,,,,0,0,0,,,,,,,,,,,,,,,,,,,,,
,46,,,0,3.642996,,,,,,,176,64,42,,,,,0,0,0,,,,,,,,,,,,,,,,,,,,,
,47,,,0,3.653412,,,,,,,176,64,46,,,,,0,0,0,,,,,,,,,,,,,,,,,,,,,
,48,,,0,3.663828,,,,,,,176,64,49,,,,,0,0,0,,,,,,,,,,,,,,,,,,,,,
302,49,1,4235,0,3.663828,0.0,0.0,0,A1,,11,144,33,58,,6008,,,0,0,0,,,,,0,,,,,,,,,,,,,,,,
,50,,,0,3.674244,,,,,,,176,64,54,,,,,0,0,0,,,,,,,,,,,,,,,,,,,,,
,51,,,0,3.682056,,,,,,,176,64,58,,,,,0,0,0,,,,,,,,,,,,,,,,,,,,,
,52,,,0,3.689868,,,,,,,128,73,0,,,,,0,0,0,,,,,,,,,,,,,,,,,,,,,
,53,,,0,3.692472,,,,,,,176,64,63,,,,,0,0,0,,,,,,,,,,,,,,,,,,,,,
,54,,,0,3.702888,,,,,,,176,64,67,,,,,1,0,0,,,,,,,,,,,,,,,,,,,,,
,55,,,0,3.713304,,,,,,,176,64,71,,,,,1,0,0,,,,,,,,,,,,,,,,,,,,,
,56,,,0,3.723720,,,,,,,176,64,74,,,,,1,0,0,,,,,,,,,,,,,,,,,,,,,
,57,,,0,3.734136,,,,,,,176,64,77,,,,,1,0,0,,,,,,,,,,,,,,,,,,,,,
,58,,,0,3.736740,,,,,,,128,33,0,,,,,1,0,0,,,,,,,,,,,,,,,,,,,,,
,59,,,0,3.741948,,,,,,,176,64,79,,,,,1,0,0,,,,,,,,,,,,,,,,,,,,,
,60,,,0,3.752364,,,,,,,176,64,80,,,,,1,0,0,,,,,,,,,,,,,,,,,,,,,
,61,,,0,3.762780,,,,,,,176,64,83,,,,,1,0,0,,,,,,,,,,,,,,,,,,,,,
302,62,1,4236,0,3.781008,0.0,0.0,0,C#4,,10,144,61,53,,6008,,,1,0,0,,,,,0,,,,,,,,,,,,,,,,
302,63,1,4237,0,3.843504,0.0,0.0,0,A1,,10,144,33,53,,6008,,,1,0,0,,,,,0,,,,,,,,,,,,,,,,
,64,,,0,3.846108,,,,,,,128,61,0,,,,,1,0,0,,,,,,,,,,,,,,,,,,,,,
302,65,1,4238,0,3.926832,0.0,0.0,0,C#4,,8,144,61,42,,6008,,,1,0,0,,,,,0,,,,,,,,,,,,,,,,
,66,,,0,3.950268,,,,,,,128,33,0,,,,,1,0,0,,,,,,,,,,,,,,,,,,,,,
,67,,,0,3.952872,,,,,,,176,64,79,,,,,1,0,0,,,,,,,,,,,,,,,,,,,,,
,68,,,0,3.963288,,,,,,,176,64,78,,,,,1,0,0,,,,,,,,,,,,,,,,,,,,,
,69,,,0,3.973704,,,,,,,176,64,75,,,,,1,0,0,,,,,,,,,,,,,,,,,,,,,
,70,,,0,3.984120,,,,,,,176,64,72,,,,,1,0,0,,,,,,,,,,,,,,,,,,,,,
,71,,,0,3.986724,,,,,,,128,61,0,,,,,1,0,0,,,,,,,,,,,,,,,,,,,,,
,72,,,0,3.991932,,,,,,,176,64,68,,,,,1,0,0,,,,,,,,,,,,,,,,,,,,,
,73,,,0,4.002348,,,,,,,176,64,64,,,,,1,0,0,,,,,,,,,,,,,,,,,,,,,
,74,,,0,4.012764,,,,,,,176,64,59,,,,,0,0,0,,,,,,,,,,,,,,,,,,,,,
,75,,,0,4.023180,,,,,,,176,64,52,,,,,0,0,0,,,,,,,,,,,,,,,,,,,,,
,76,,,0,4.033596,,,,,,,176,64,47,,,,,0,0,0,,,,,,,,,,,,,,,,,,,,,
,77,,,0,4.044012,,,,,,,176,64,40,,,,,0,0,0,,,,,,,,,,,,,,,,,,,,,
,78,,,0,4.051824,,,,,,,176,64,34,,,,,0,0,0,,,,,,,,,,,,,,,,,,,,,
,79,,,0,4.062240,,,,,,,176,64,28,,,,,0,0,0,,,,,,,,,,,,,,,,,,,,,
,80,,,0,4.072656,,,,,,,176,64,24,,,,,0,0,0,,,,,,,,,,,,,,,,,,,,,
302,81,1,4239,0,4.083072,0.0,0.0,0,C#4,,8,144,61,42,,6008,,,0,0,0,,,,,0,,,,,,,,,,,,,,,,
,82,,,0,4.083072,,,,,,,176,64,19,,,,,0,0,0,,,,,,,,,,,,,,,,,,,,,
302,83,1,4239,0,4.088280,0.0,0.0,0,A1,,8,144,33,42,,6008,,,0,0,0,,,,,0,,,,,,,,,,,,,,,,
,84,,,0,4.093488,,,,,,,176,64,13,,,,,0,0,0,,,,,,,,,,,,,,,,,,,,,
,85,,,0,4.103904,,,,,,,176,64,12,,,,,0,0,0,,,,,,,,,,,,,,,,,,,,,
,86,,,0,4.114320,,,,,,,176,64,11,,,,,0,0,0,,,,,,,,,,,,,,,,,,,,,
,87,,,0,4.122132,,,,,,,176,64,7,,,,,0,0,0,,,,,,,,,,,,,,,,,,,,,
302,88,1,4239,0,4.129944,0.0,0.0,0,F#2,,8,144,42,42,,6008,,,0,0,0,,,,,0,,,,,,,,,,,,,,,,
,89,,,0,4.132548,,,,,,,176,64,5,,,,,0,0,0,,,,,,,,,,,,,,,,,,,,,
,90,,,0,4.142964,,,,,,,176,64,4,,,,,0,0,0,,,,,,,,,,,,,,,,,,,,,
,91,,,0,4.174212,,,,,,,176,64,5,,,,,0,0,0,,,,,,,,,,,,,,,,,,,,,
,92,,,0,4.182024,,,,,,,176,64,4,,,,,0,0,0,,,,,,,,,,,,,,,,,,,,,
,93,,,0,4.192440,,,,,,,176,64,5,,,,,0,0,0,,,,,,,,,,,,,,,,,,,,,
,94,,,0,4.202856,,,,,,,176,64,4,,,,,0,0,0,,,,,,,,,,,,,,,,,,,,,
,95,,,0,4.223688,,,,,,,176,64,9,,,,,0,0,0,,,,,,,,,,,,,,,,,,,,,
,96,,,0,4.234104,,,,,,,176,64,12,,,,,0,0,0,,,,,,,,,,,,,,,,,,,,,
,97,,,0,4.254936,,,,,,,176,64,19,,,,,0,0,0,,,,,,,,,,,,,,,,,,,,,
,98,,,0,4.265352,,,,,,,176,64,23,,,,,0,0,0,,,,,,,,,,,,,,,,,,,,,
,99,,,0,4.273164,,,,,,,176,64,27,,,,,0,0,0,,,,,,,,,,,,,,,,,,,,,
,100,,,0,4.283580,,,,,,,176,64,31,,,,,0,0,0,,,,,,,,,,,,,,,,,,,,,
,101,,,0,4.293996,,,,,,,176,64,35,,,,,0,0,0,,,,,,,,,,,,,,,,,,,,,
,102,,,0,4.301808,,,,,,,176,64,41,,,,,0,0,0,,,,,,,,,,,,,,,,,,,,,
,103,,,0,4.312224,,,,,,,176,64,47,,,,,0,0,0,,,,,,,,,,,,,,,,,,,,,
,104,,,0,4.325244,,,,,,,176,64,54,,,,,0,0,0,,,,,,,,,,,,,,,,,,,,,
,105,,,0,4.333056,,,,,,,176,64,61,,,,,0,0,0,,,,,,,,,,,,,,,,,,,,,
,106,,,0,4.343472,,,,,,,176,64,67,,,,,1,0,0,,,,,,,,,,,,,,,,,,,,,
,107,,,0,4.353888,,,,,,,176,64,74,,,,,1,0,0,,,,,,,,,,,,,,,,,,,,,
,108,,,0,4.364304,,,,,,,176,64,78,,,,,1,0,0,,,,,,,,,,,,,,,,,,,,,
,109,,,0,4.372116,,,,,,,176,64,84,,,,,1,0,0,,,,,,,,,,,,,,,,,,,,,
,110,,,0,4.382532,,,,,,,176,64,87,,,,,1,0,0,,,,,,,,,,,,,,,,,,,,,
,111,,,0,4.392948,,,,,,,176,64,89,,,,,1,0,0,,,,,,,,,,,,,,,,,,,,,
,112,,,0,4.403364,,,,,,,176,64,91,,,,,1,0,0,,,,,,,,,,,,,,,,,,,,,
,113,,,0,4.413780,,,,,,,176,64,95,,,,,1,0,0,,,,,,,,,,,,,,,,,,,,,
,114,,,0,4.458048,,,,,,,128,61,0,,,,,1,0,0,,,,,,,,,,,,,,,,,,,,,
,115,,,0,4.458048,,,,,,,128,33,0,,,,,1,0,0,,,,,,,,,,,,,,,,,,,,,
,116,,,0,4.460652,,,,,,,128,42,0,,,,,1,0,0,,,,,,,,,,,,,,,,,,,,,
,117,,,0,4.463256,,,,,,,176,64,97,,,,,1,0,0,,,,,,,,,,,,,,,,,,,,,
,118,,,0,4.473672,,,,,,,176,64,98,,,,,1,0,0,,,,,,,,,,,,,,,,,,,,,
,119,,,0,4.484088,,,,,,,176,64,99,,,,,1,0,0,,,,,,,,,,,,,,,,,,,,,
,120,,,0,4.562208,,,,,,,176,64,100,,,,,1,0,0,,,,,,,,,,,,,,,,,,,,,
,121,,,0,4.572624,,,,,,,176,64,101,,,,,1,0,0,,,,,,,,,,,,,,,,,,,,,
,122,,,0,4.603872,,,,,,,176,64,102,,,,,1,0,0,,,,,,,,,,,,,,,,,,,,,
,123,,,0,4.614288,,,,,,,176,64,101,,,,,1,0,0,,,,,,,,,,,,,,,,,,,,,
,124,,,0,4.622100,,,,,,,176,64,103,,,,,1,0,0,,,,,,,,,,,,,,,,,,,,,
,125,,,0,4.632516,,,,,,,176,64,101,,,,,1,0,0,,,,,,,,,,,,,,,,,,,,,
,126,,,0,4.635120,,,,,,,176,67,19,,,,,1,0,0,,,,,,,,,,,,,,,,,,,,,
,127,,,0,4.642932,,,,,,,176,64,102,,,,,1,0,0,,,,,,,,,,,,,,,,,,,,,
,128,,,0,4.642932,,,,,,,176,67,20,,,,,1,0,0,,,,,,,,,,,,,,,,,,,,,
,129,,,0,4.653348,,,,,,,176,64,101,,,,,1,0,0,,,,,,,,,,,,,,,,,,,,,
,130,,,0,4.663764,,,,,,,176,64,103,,,,,1,0,0,,,,,,,,,,,,,,,,,,,,,
,131,,,0,4.674180,,,,,,,176,64,101,,,,,1,0,0,,,,,,,,,,,,,,,,,,,,,
,132,,,0,4.681992,,,,,,,176,64,102,,,,,1,0,0,,,,,,,,,,,,,,,,,,,,,
,133,,,0,4.723656,,,,,,,176,64,100,,,,,1,0,0,,,,,,,,,,,,,,,,,,,,,
302,134,1,4240,0,4.728864,0.0,0.0,0,A1,,22,144,33,117,,6008,,,1,0,0,,,,,0,,,,,,,,,,,,,,,,
302,135,1,4240,0,4.731468,0.0,0.0,0,F#2,,22,144,42,117,,6008,,,1,0,0,,,,,0,,,,,,,,,,,,,,,,
,136,,,0,4.734072,,,,,,,176,64,96,,,,,1,0,0,,,,,,,,,,,,,,,,,,,,,
302,137,1,4240,0,4.736676,0.0,0.0,0,C#4,,22,144,61,117,,6008,,,1,0,0,,,,,0,,,,,,,,,,,,,,,,
,138,,,0,4.741884,,,,,,,176,64,88,,,,,1,0,0,,,,,,,,,,,,,,,,,,,,,
,139,,,0,4.752300,,,,,,,176,64,72,,,,,1,0,0,,,,,,,,,,,,,,,,,,,,,
,140,,,0,4.762716,,,,,,,176,64,51,,,,,0,0,0,,,,,,,,,,,,,,,,,,,,,
,141,,,0,4.773132,,,,,,,176,64,29,,,,,0,0,0,,,,,,,,,,,,,,,,,,,,,
,142,,,0,4.778340,,,,,,,128,42,0,,,,,0,0,0,,,,,,,,,,,,,,,,,,,,,
,143,,,0,4.780944,,,,,,,128,33,0,,,,,0,0,0,,,,,,,,,,,,,,,,,,,,,
,144,,,0,4.783548,,,,,,,176,64,13,,,,,0,0,0,,,,,,,,,,,,,,,,,,,,,
,145,,,0,4.793964,,,,,,,176,64,5,,,,,0,0,0,,,,,,,,,,,,,,,,,,,,,
,146,,,0,4.801776,,,,,,,176,64,4,,,,,0,0,0,,,,,,,,,,,,,,,,,,,,,
,147,,,0,4.825212,,,,,,,128,28,0,,,,,0,0,0,,,,,,,,,,,,,,,,,,,,,
,148,,,0,4.846044,,,,,,,128,61,0,,,,,0,0,0,,,,,,,,,,,,,,,,,,,,,
,149,,,0,4.991868,,,,,,,176,64,3,,,,,0,0,0,,,,,,,,,,,,,,,,,,,,,
,150,,,0,5.004888,,,,,,,176,64,4,,,,,0,0,0,,,,,,,,,,,,,,,,,,,,,
302,151,1,4241,0,5.221020,0.0,0.0,0,D#5,,11,144,75,58,,6008,,,0,0,0,,,,,0,,,,,,,,,,,,,,,,
302,152,1,4242,0,5.306952,0.0,0.0,0,B4,,11,144,71,58,,6008,,,0,0,0,,,,,0,,,,,,,,,,,,,,,,
302,153,1,4242,0,5.338200,0.0,0.0,0,C#4,,5,144,61,26,,6008,,,0,0,0,,,,,0,,,,,,,,,,,,,,,,
,154,,,0,5.353824,,,,,,,176,64,3,,,,,0,0,0,,,,,,,,,,,,,,,,,,,,,
,155,,,0,5.364240,,,,,,,176,64,4,,,,,0,0,0,,,,,,,,,,,,,,,,,,,,,
,156,,,0,5.424132,,,,,,,176,64,17,,,,,0,0,0,,,,,,,,,,,,,,,,,,,,,
,157,,,0,5.431944,,,,,,,128,75,0,,,,,0,0,0,,,,,,,,,,,,,,,,,,,,,
,158,,,0,5.434548,,,,,,,176,64,26,,,,,0,0,0,,,,,,,,,,,,,,,,,,,,,
,159,,,0,5.442360,,,,,,,176,64,35,,,,,0,0,0,,,,,,,,,,,,,,,,,,,,,
,160,,,0,5.452776,,,,,,,176,64,45,,,,,0,0,0,,,,,,,,,,,,,,,,,,,,,
,161,,,0,5.463192,,,,,,,176,64,49,,,,,0,0,0,,,,,,,,,,,,,,,,,,,,,
,162,,,0,5.473608,,,,,,,176,64,48,,,,,0,0,0,,,,,,,,,,,,,,,,,,,,,
302,163,1,4243,0,5.476212,0.0,0.0,0,A1,,5,144,33,26,,6008,,,0,0,0,,,,,0,,,,,,,,,,,,,,,,
,164,,,0,5.491836,,,,,,,176,64,47,,,,,0,0,0,,,,,,,,,,,,,,,,,,,,,
,165,,,0,5.502252,,,,,,,176,64,49,,,,,0,0,0,,,,,,,,,,,,,,,,,,,,,
,166,,,0,5.512668,,,,,,,176,64,48,,,,,0,0,0,,,,,,,,,,,,,,,,,,,,,
,167,,,0,5.523084,,,,,,,176,64,50,,,,,0,0,0,,,,,,,,,,,,,,,,,,,,,
,168,,,0,5.523084,,,,,,,176,67,19,,,,,0,0,0,,,,,,,,,,,,,,,,,,,,,
,169,,,0,5.530896,,,,,,,128,61,0,,,,,0,0,0,,,,,,,,,,,,,,,,,,,,,
,170,,,0,5.533500,,,,,,,176,64,51,,,,,0,0,0,,,,,,,,,,,,,,,,,,,,,
,171,,,0,5.533500,,,,,,,176,67,20,,,,,0,0,0,,,,,,,,,,,,,,,,,,,,,
,172,,,0,5.543916,,,,,,,176,64,53,,,,,0,0,0,,,,,,,,,,,,,,,,,,,,,
,173,,,0,5.551728,,,,,,,176,64,55,,,,,0,0,0,,,,,,,,,,,,,,,,,,,,,
,174,,,0,5.575164,,,,,,,128,33,0,,,,,0,0,0,,,,,,,,,,,,,,,,,,,,,
302,175,1,4244,0,5.593392,0.0,0.0,0,F#2,,5,144,42,26,,6008,,,0,0,0,,,,,0,,,,,,,,,,,,,,,,
302,176,1,4245,0,5.655888,0.0,0.0,0,C#4,,5,144,61,26,,6008,,,0,0,0,,,,,0,,,,,,,,,,,,,,,,
,177,,,0,5.666304,,,,,,,128,42,0,,,,,0,0,0,,,,,,,,,,,,,,,,,,,,,
302,178,1,4246,0,5.788692,0.0,0.0,0,F#2,,5,144,42,26,,6008,,,0,0,0,,,,,0,,,,,,,,,,,,,,,,
,179,,,0,5.801712,,,,,,,128,61,0,,,,,0,0,0,,,,,,,,,,,,,,,,,,,,,
302,180,1,4247,0,5.905872,0.0,0.0,0,A1,,5,144,33,26,,6008,,,0,0,0,,,,,0,,,,,,,,,,,,,,,,
,181,,,0,5.942328,,,,,,,128,42,0,,,,,0,0,0,,,,,,,,,,,,,,,,,,,,,
,182,,,0,5.973576,,,,,,,176,67,19,,,,,0,0,0,,,,,,,,,,,,,,,,,,,,,
,183,,,0,5.983992,,,,,,,176,67,20,,,,,0,0,0,,,,,,,,,,,,,,,,,,,,,
,184,,,0,6.007428,,,,,,,128,33,0,,,,,0,0,0,,,,,,,,,,,,,,,,,,,,,
302,185,1,4248,0,6.200124,0.0,0.0,0,C#4,,5,144,61,26,,6008,,,0,0,0,,,,,0,,,,,,,,,,,,,,,,
,186,,,0,6.213144,,,,,,,176,67,19,,,,,0,0,0,,,,,,,,,,,,,,,,,,,,,
,187,,,0,6.223560,,,,,,,176,67,20,,,,,0,0,0,,,,,,,,,,,,,,,,,,,,,
,188,,,0,6.280848,,,,,,,128,61,0,,,,,0,0,0,,,,,,,,,,,,,,,,,,,,,
302,189,1,4249,0,6.309492,0.0,0.0,0,F#2,,5,144,42,26,,6008,,,0,0,0,,,,,0,,,,,,,,,,,,,,,,
,190,,,0,6.343344,,,,,,,176,64,54,,,,,0,0,0,,,,,,,,,,,,,,,,,,,,,
,191,,,0,6.353760,,,,,,,176,64,51,,,,,0,0,0,,,,,,,,,,,,,,,,,,,,,
,192,,,0,6.361572,,,,,,,176,64,53,,,,,0,0,0,,,,,,,,,,,,,,,,,,,,,
,193,,,0,6.371988,,,,,,,176,64,52,,,,,0,0,0,,,,,,,,,,,,,,,,,,,,,
302,194,1,4250,0,6.385008,0.0,0.0,0,C#4,,5,144,61,26,,6008,,,0,0,0,,,,,0,,,,,,,,,,,,,,,,
,195,,,0,6.387612,,,,,,,128,42,0,,,,,0,0,0,,,,,,,,,,,,,,,,,,,,,
,196,,,0,6.392820,,,,,,,176,64,51,,,,,0,0,0,,,,,,,,,,,,,,,,,,,,,
,197,,,0,6.403236,,,,,,,176,64,52,,,,,0,0,0,,,,,,,,,,,,,,,,,,,,,
,198,,,0,6.424068,,,,,,,176,64,53,,,,,0,0,0,,,,,,,,,,,,,,,,,,,,,
,199,,,0,6.431880,,,,,,,176,64,52,,,,,0,0,0,,,,,,,,,,,,,,,,,,,,,
,200,,,0,6.442296,,,,,,,176,64,53,,,,,0,0,0,,,,,,,,,,,,,,,,,,,,,
,201,,,0,6.452712,,,,,,,176,64,51,,,,,0,0,0,,,,,,,,,,,,,,,,,,,,,
,202,,,0,6.463128,,,,,,,176,64,52,,,,,0,0,0,,,,,,,,,,,,,,,,,,,,,
,203,,,0,6.463128,,,,,,,128,61,0,,,,,0,0,0,,,,,,,,,,,,,,,,,,,,,
,204,,,0,6.473544,,,,,,,176,64,54,,,,,0,0,0,,,,,,,,,,,,,,,,,,,,,
,205,,,0,6.483960,,,,,,,176,64,53,,,,,0,0,0,,,,,,,,,,,,,,,,,,,,,
302,206,1,4251,0,6.483960,0.0,0.0,0,A1,,6,144,33,32,,6008,,,0,0,0,,,,,0,,,,,,,,,,,,,,,,
,207,,,0,6.491772,,,,,,,176,64,54,,,,,0,0,0,,,,,,,,,,,,,,,,,,,,,
,208,,,0,6.502188,,,,,,,176,64,51,,,,,0,0,0,,,,,,,,,,,,,,,,,,,,,
,209,,,0,6.512604,,,,,,,176,64,54,,,,,0,0,0,,,,,,,,,,,,,,,,,,,,,
,210,,,0,6.523020,,,,,,,176,64,52,,,,,0,0,0,,,,,,,,,,,,,,,,,,,,,
,211,,,0,6.533436,,,,,,,176,64,55,,,,,0,0,0,,,,,,,,,,,,,,,,,,,,,
,212,,,0,6.543852,,,,,,,176,64,52,,,,,0,0,0,,,,,,,,,,,,,,,,,,,,,
,213,,,0,6.551664,,,,,,,176,64,54,,,,,0,0,0,,,,,,,,,,,,,,,,,,,,,
,214,,,0,6.572496,,,,,,,176,64,55,,,,,0,0,0,,,,,,,,,,,,,,,,,,,,,
,215,,,0,6.582912,,,,,,,176,64,53,,,,,0,0,0,,,,,,,,,,,,,,,,,,,,,
,216,,,0,6.588120,,,,,,,128,33,0,,,,,0,0,0,,,,,,,,,,,,,,,,,,,,,
,217,,,0,6.603744,,,,,,,176,64,55,,,,,0,0,0,,,,,,,,,,,,,,,,,,,,,
302,218,1,4252,0,6.611556,0.0,0.0,0,F#2,,6,144,42,32,,6008,,,0,0,0,,,,,0,,,,,,,,,,,,,,,,
,219,,,0,6.611556,,,,,,,176,64,54,,,,,0,0,0,,,,,,,,,,,,,,,,,,,,,
,220,,,0,6.632388,,,,,,,176,64,53,,,,,0,0,0,,,,,,,,,,,,,,,,,,,,,
,221,,,0,6.642804,,,,,,,176,64,54,,,,,0,0,0,,,,,,,,,,,,,,,,,,,,,
,222,,,0,6.653220,,,,,,,176,64,52,,,,,0,0,0,,,,,,,,,,,,,,,,,,,,,
,223,,,0,6.663636,,,,,,,176,64,55,,,,,0,0,0,,,,,,,,,,,,,,,,,,,,,
,224,,,0,6.674052,,,,,,,176,64,52,,,,,0,0,0,,,,,,,,,,,,,,,,,,,,,
,225,,,0,6.681864,,,,,,,176,64,54,,,,,0,0,0,,,,,,,,,,,,,,,,,,,,,
,226,,,0,6.692280,,,,,,,176,64,55,,,,,0,0,0,,,,,,,,,,,,,,,,,,,,,
,227,,,0,6.694884,,,,,,,128,42,0,,,,,0,0,0,,,,,,,,,,,,,,,,,,,,,
,228,,,0,6.702696,,,,,,,176,64,54,,,,,0,0,0,,,,,,,,,,,,,,,,,,,,,
302,229,1,4253,0,6.713112,0.0,0.0,0,C#4,,6,144,61,32,,6008,,,0,0,0,,,,,0,,,,,,,,,,,,,,,,
,230,,,0,6.723528,,,,,,,176,64,53,,,,,0,0,0,,,,,,,,,,,,,,,,,,,,,
,231,,,0,6.733944,,,,,,,176,64,55,,,,,0,0,0,,,,,,,,,,,,,,,,,,,,,
,232,,,0,6.741756,,,,,,,176,64,54,,,,,0,0,0,,,,,,,,,,,,,,,,,,,,,
,233,,,0,6.752172,,,,,,,176,64,53,,,,,0,0,0,,,,,,,,,,,,,,,,,,,,,
,234,,,0,6.762588,,,,,,,176,64,51,,,,,0,0,0,,,,,,,,,,,,,,,,,,,,,
,235,,,0,6.773004,,,,,,,176,64,55,,,,,0,0,0,,,,,,,,,,,,,,,,,,,,,
,236,,,0,6.783420,,,,,,,176,64,52,,,,,0,0,0,,,,,,,,,,,,,,,,,,,,,
,237,,,0,6.786024,,,,,,,128,61,0,,,,,0,0,0,,,,,,,,,,,,,,,,,,,,,
,238,,,0,6.793836,,,,,,,176,64,54,,,,,0,0,0,,,,,,,,,,,,,,,,,,,,,
,239,,,0,6.801648,,,,,,,176,64,52,,,,,0,0,0,,,,,,,,,,,,,,,,,,,,,
302,240,1,4254,0,6.817272,0.0,0.0,0,F#2,,6,144,42,32,,6008,,,0,0,0,,,,,0,,,,,,,,,,,,,,,,
,241,,,0,6.822480,,,,,,,176,64,55,,,,,0,0,0,,,,,,,,,,,,,,,,,,,,,
,242,,,0,6.832896,,,,,,,176,64,52,,,,,0,0,0,,,,,,,,,,,,,,,,,,,,,
,243,,,0,6.843312,,,,,,,176,64,53,,,,,0,0,0,,,,,,,,,,,,,,,,,,,,,
,244,,,0,6.853728,,,,,,,176,64,51,,,,,0,0,0,,,,,,,,,,,,,,,,,,,,,
,245,,,0,6.861540,,,,,,,176,64,54,,,,,0,0,0,,,,,,,,,,,,,,,,,,,,,
,246,,,0,6.871956,,,,,,,176,64,52,,,,,0,0,0,,,,,,,,,,,,,,,,,,,,,
,247,,,0,6.882372,,,,,,,176,64,53,,,,,0,0,0,,,,,,,,,,,,,,,,,,,,,
,248,,,0,6.892788,,,,,,,176,64,52,,,,,0,0,0,,,,,,,,,,,,,,,,,,,,,
302,249,1,4255,0,6.900600,0.0,0.0,0,A1,,6,144,33,32,,6008,,,0,0,0,,,,,0,,,,,,,,,,,,,,,,
,250,,,0,6.903204,,,,,,,176,64,53,,,,,0,0,0,,,,,,,,,,,,,,,,,,,,,
,251,,,0,6.918828,,,,,,,176,64,52,,,,,0,0,0,,,,,,,,,,,,,,,,,,,,,
,252,,,0,6.921432,,,,,,,128,42,0,,,,,0,0,0,,,,,,,,,,,,,,,,,,,,,
,253,,,0,6.924036,,,,,,,176,64,53,,,,,0,0,0,,,,,,,,,,,,,,,,,,,,,
,254,,,0,6.934452,,,,,,,176,64,54,,,,,0,0,0,,,,,,,,,,,,,,,,,,,,,
,255,,,0,6.944868,,,,,,,176,64,52,,,,,0,0,0,,,,,,,,,,,,,,,,,,,,,
,256,,,0,6.963096,,,,,,,176,64,53,,,,,0,0,0,,,,,,,,,,,,,,,,,,,,,
,257,,,0,6.994344,,,,,,,176,64,54,,,,,0,0,0,,,,,,,,,,,,,,,,,,,,,
,258,,,0,6.999552,,,,,,,128,33,0,,,,,0,0,0,,,,,,,,,,,,,,,,,,,,,
,259,,,0,7.004760,,,,,,,176,64,52,,,,,0,0,0,,,,,,,,,,,,,,,,,,,,,
,260,,,0,7.012572,,,,,,,176,64,54,,,,,0,0,0,,,,,,,,,,,,,,,,,,,,,
,261,,,0,7.022988,,,,,,,176,64,51,,,,,0,0,0,,,,,,,,,,,,,,,,,,,,,
,262,,,0,7.033404,,,,,,,176,64,52,,,,,0,0,0,,,,,,,,,,,,,,,,,,,,,
,263,,,0,7.051632,,,,,,,176,64,53,,,,,0,0,0,,,,,,,,,,,,,,,,,,,,,
,264,,,0,7.072464,,,,,,,176,64,52,,,,,0,0,0,,,,,,,,,,,,,,,,,,,,,
,265,,,0,7.085484,,,,,,,176,64,53,,,,,0,0,0,,,,,,,,,,,,,,,,,,,,,
,266,,,0,7.093296,,,,,,,176,64,51,,,,,0,0,0,,,,,,,,,,,,,,,,,,,,,
,267,,,0,7.103712,,,,,,,176,64,52,,,,,0,0,0,,,,,,,,,,,,,,,,,,,,,
,268,,,0,7.121940,,,,,,,176,64,54,,,,,0,0,0,,,,,,,,,,,,,,,,,,,,,
,269,,,0,7.132356,,,,,,,176,64,52,,,,,0,0,0,,,,,,,,,,,,,,,,,,,,,
,270,,,0,7.142772,,,,,,,176,64,53,,,,,0,0,0,,,,,,,,,,,,,,,,,,,,,
,271,,,0,7.163604,,,,,,,176,64,52,,,,,0,0,0,,,,,,,,,,,,,,,,,,,,,
,272,,,0,7.174020,,,,,,,176,64,53,,,,,0,0,0,,,,,,,,,,,,,,,,,,,,,
,273,,,0,7.181832,,,,,,,176,64,51,,,,,0,0,0,,,,,,,,,,,,,,,,,,,,,
,274,,,0,7.192248,,,,,,,176,64,53,,,,,0,0,0,,,,,,,,,,,,,,,,,,,,,
302,275,1,4256,0,7.200060,0.0,0.0,0,C#4,,7,144,61,37,,6008,,,0,0,0,,,,,0,,,,,,,,,,,,,,,,
,276,,,0,7.202664,,,,,,,176,64,51,,,,,0,0,0,,,,,,,,,,,,,,,,,,,,,
,277,,,0,7.213080,,,,,,,176,64,52,,,,,0,0,0,,,,,,,,,,,,,,,,,,,,,
,278,,,0,7.241724,,,,,,,176,64,51,,,,,0,0,0,,,,,,,,,,,,,,,,,,,,,
,279,,,0,7.272972,,,,,,,176,64,53,,,,,0,0,0,,,,,,,,,,,,,,,,,,,,,
,280,,,0,7.278180,,,,,,,128,61,0,,,,,0,0,0,,,,,,,,,,,,,,,,,,,,,
,281,,,0,7.283388,,,,,,,176,64,51,,,,,0,0,0,,,,,,,,,,,,,,,,,,,,,
,282,,,0,7.293804,,,,,,,176,64,52,,,,,0,0,0,,,,,,,,,,,,,,,,,,,,,
302,283,1,4257,0,7.312032,0.0,0.0,0,F#2,,7,144,42,37,,6008,,,0,0,0,,,,,0,,,,,,,,,,,,,,,,
,284,,,0,7.312032,,,,,,,176,64,51,,,,,0,0,0,,,,,,,,,,,,,,,,,,,,,
303,285,1,4258,0,7.374528,0.0,0.0,0,C#4,,7,144,61,37,,6008,,,0,0,0,,,,,0,,,,,,,,,,,,,,,,
,286,,,0,7.395360,,,,,,,128,42,0,,,,,0,0,0,,,,,,,,,,,,,,,,,,,,,
,287,,,0,7.465668,,,,,,,128,61,0,,,,,0,0,0,,,,,,,,,,,,,,,,,,,,,
303,288,1,4259,0,7.509936,0.0,0.0,0,A1,,7,144,33,37,,6008,,,0,0,0,,,,,0,,,,,,,,,,,,,,,,
,289,,,0,7.606284,,,,,,,128,33,0,,,,,0,0,0,,,,,,,,,,,,,,,,,,,,,
303,290,1,4260,0,7.616700,0.0,0.0,0,F#2,,7,144,42,37,,6008,,,0,0,0,,,,,0,,,,,,,,,,,,,,,,
,291,,,0,7.692216,,,,,,,128,42,0,,,,,0,0,0,,,,,,,,,,,,,,,,,,,,,
303,292,1,4261,0,7.720860,0.0,0.0,0,C#4,,8,144,61,42,,6008,,,0,0,0,,,,,0,,,,,,,,,,,,,,,,
,293,,,0,7.752108,,,,,,,176,64,53,,,,,0,0,0,,,,,,,,,,,,,,,,,,,,,
,294,,,0,7.762524,,,,,,,176,64,51,,,,,0,0,0,,,,,,,,,,,,,,,,,,,,,
,295,,,0,7.772940,,,,,,,176,64,52,,,,,0,0,0,,,,,,,,,,,,,,,,,,,,,
,296,,,0,7.780752,,,,,,,128,61,0,,,,,0,0,0,,,,,,,,,,,,,,,,,,,,,
,297,,,0,7.793772,,,,,,,176,64,51,,,,,0,0,0,,,,,,,,,,,,,,,,,,,,,
,298,,,0,7.801584,,,,,,,176,64,53,,,,,0,0,0,,,,,,,,,,,,,,,,,,,,,
303,299,1,4262,0,7.806792,0.0,0.0,0,F#2,,8,144,42,42,,6008,,,0,0,0,,,,,0,,,,,,,,,,,,,,,,
,300,,,0,7.812000,,,,,,,176,64,52,,,,,0,0,0,,,,,,,,,,,,,,,,,,,,,
,301,,,0,7.832832,,,,,,,176,64,51,,,,,0,0,0,,,,,,,,,,,,,,,,,,,,,
,302,,,0,7.853664,,,,,,,176,64,52,,,,,0,0,0,,,,,,,,,,,,,,,,,,,,,
,303,,,0,7.871892,,,,,,,176,64,51,,,,,0,0,0,,,,,,,,,,,,,,,,,,,,,
,304,,,0,7.892724,,,,,,,176,64,54,,,,,0,0,0,,,,,,,,,,,,,,,,,,,,,
303,305,1,4263,0,7.895328,0.0,0.0,0,A1,,8,144,33,42,,6008,,,0,0,0,,,,,0,,,,,,,,,,,,,,,,
,306,,,0,7.900536,,,,,,,128,42,0,,,,,0,0,0,,,,,,,,,,,,,,,,,,,,,
,307,,,0,7.903140,,,,,,,176,64,52,,,,,0,0,0,,,,,,,,,,,,,,,,,,,,,
,308,,,0,7.913556,,,,,,,176,64,53,,,,,0,0,0,,,,,,,,,,,,,,,,,,,,,
,309,,,0,7.923972,,,,,,,176,64,51,,,,,0,0,0,,,,,,,,,,,,,,,,,,,,,
,310,,,0,7.931784,,,,,,,176,64,52,,,,,0,0,0,,,,,,,,,,,,,,,,,,,,,
,311,,,0,7.973448,,,,,,,176,64,53,,,,,0,0,0,,,,,,,,,,,,,,,,,,,,,
,312,,,0,7.983864,,,,,,,176,64,52,,,,,0,0,0,,,,,,,,,,,,,,,,,,,,,
,313,,,0,7.991676,,,,,,,128,33,0,,,,,0,0,0,,,,,,,,,,,,,,,,,,,,,
,314,,,0,7.991676,,,,,,,176,64,54,,,,,0,0,0,,,,,,,,,,,,,,,,,,,,,
,315,,,0,8.002092,,,,,,,176,64,53,,,,,0,0,0,,,,,,,,,,,,,,,,,,,,,
,316,,,0,8.012508,,,,,,,176,64,54,,,,,0,0,0,,,,,,,,,,,,,,,,,,,,,
,317,,,0,8.022924,,,,,,,176,64,55,,,,,0,0,0,,,,,,,,,,,,,,,,,,,,,
,318,,,0,8.033340,,,,,,,176,64,52,,,,,0,0,0,,,,,,,,,,,,,,,,,,,,,
,319,,,0,8.043756,,,,,,,176,64,55,,,,,0,0,0,,,,,,,,,,,,,,,,,,,,,
,320,,,0,8.043756,,,,,,,176,67,19,,,,,0,0,0,,,,,,,,,,,,,,,,,,,,,
,321,,,0,8.051568,,,,,,,176,64,54,,,,,0,0,0,,,,,,,,,,,,,,,,,,,,,
,322,,,0,8.054172,,,,,,,176,67,20,,,,,0,0,0,,,,,,,,,,,,,,,,,,,,,
,323,,,0,8.061984,,,,,,,176,64,55,,,,,0,0,0,,,,,,,,,,,,,,,,,,,,,
,324,,,0,8.072400,,,,,,,176,64,52,,,,,0,0,0,,,,,,,,,,,,,,,,,,,,,
,325,,,0,8.082816,,,,,,,176,64,54,,,,,0,0,0,,,,,,,,,,,,,,,,,,,,,
,326,,,0,8.093232,,,,,,,176,64,53,,,,,0,0,0,,,,,,,,,,,,,,,,,,,,,
,327,,,0,8.103648,,,,,,,176,64,54,,,,,0,0,0,,,,,,,,,,,,,,,,,,,,,
,328,,,0,8.121876,,,,,,,176,64,52,,,,,0,0,0,,,,,,,,,,,,,,,,,,,,,
,329,,,0,8.132292,,,,,,,176,64,53,,,,,0,0,0,,,,,,,,,,,,,,,,,,,,,
,330,,,0,8.142708,,,,,,,176,64,54,,,,,0,0,0,,,,,,,,,,,,,,,,,,,,,
303,331,1,4264,0,8.150520,0.0,0.0,0,C#4,,8,144,61,42,,6008,,,0,0,0,,,,,0,,,,,,,,,,,,,,,,
,332,,,0,8.153124,,,,,,,176,64,55,,,,,0,0,0,,,,,,,,,,,,,,,,,,,,,
,333,,,0,8.163540,,,,,,,176,64,52,,,,,0,0,0,,,,,,,,,,,,,,,,,,,,,
,334,,,0,8.173956,,,,,,,176,64,54,,,,,0,0,0,,,,,,,,,,,,,,,,,,,,,
,335,,,0,8.181768,,,,,,,176,64,52,,,,,0,0,0,,,,,,,,,,,,,,,,,,,,,
,336,,,0,8.192184,,,,,,,176,64,55,,,,,0,0,0,,,,,,,,,,,,,,,,,,,,,
,337,,,0,8.213016,,,,,,,176,64,54,,,,,0,0,0,,,,,,,,,,,,,,,,,,,,,
,338,,,0,8.213016,,,,,,,176,67,19,,,,,0,0,0,,,,,,,,,,,,,,,,,,,,,
,339,,,0,8.223432,,,,,,,176,64,55,,,,,0,0,0,,,,,,,,,,,,,,,,,,,,,
,340,,,0,8.223432,,,,,,,176,67,20,,,,,0,0,0,,,,,,,,,,,,,,,,,,,,,
,341,,,0,8.231244,,,,,,,128,61,0,,,,,0,0,0,,,,,,,,,,,,,,,,,,,,,
303,342,1,4265,0,8.239056,0.0,0.0,0,F#2,,9,144,42,48,,6008,,,0,0,0,,,,,0,,,,,,,,,,,,,,,,
,343,,,0,8.298948,,,,,,,128,42,0,,,,,0,0,0,,,,,,,,,,,,,,,,,,,,,
303,344,1,4266,0,8.317176,0.0,0.0,0,C#4,,9,144,61,48,,6008,,,0,0,0,,,,,0,,,,,,,,,,,,,,,,
,345,,,0,8.343216,,,,,,,176,64,57,,,,,0,0,0,,,,,,,,,,,,,,,,,,,,,
,346,,,0,8.353632,,,,,,,176,64,59,,,,,0,0,0,,,,,,,,,,,,,,,,,,,,,
,347,,,0,8.413524,,,,,,,176,64,63,,,,,0,0,0,,,,,,,,,,,,,,,,,,,,,
,348,,,0,8.429148,,,,,,,128,61,0,,,,,0,0,0,,,,,,,,,,,,,,,,,,,,,
303,349,1,4267,0,8.434356,0.0,0.0,0,A1,,9,144,33,48,,6008,,,0,0,0,,,,,0,,,,,,,,,,,,,,,,
,350,,,0,8.436960,,,,,,,176,64,62,,,,,0,0,0,,,,,,,,,,,,,,,,,,,,,
,351,,,0,8.444772,,,,,,,176,64,63,,,,,0,0,0,,,,,,,,,,,,,,,,,,,,,
,352,,,0,8.483832,,,,,,,176,67,19,,,,,0,0,0,,,,,,,,,,,,,,,,,,,,,
,353,,,0,8.491644,,,,,,,176,67,20,,,,,0,0,0,,,,,,,,,,,,,,,,,,,,,
,354,,,0,8.525496,,,,,,,128,33,0,,,,,0,0,0,,,,,,,,,,,,,,,,,,,,,
303,355,1,4268,0,8.538516,0.0,0.0,0,F#2,,9,144,42,48,,6008,,,0,0,0,,,,,0,,,,,,,,,,,,,,,,
,356,,,0,8.598408,,,,,,,128,42,0,,,,,0,0,0,,,,,,,,,,,,,,,,,,,,,
303,357,1,4269,0,8.621844,0.0,0.0,0,C#4,,9,144,61,48,,6008,,,0,0,0,,,,,0,,,,,,,,,,,,,,,,
,358,,,0,8.642676,,,,,,,176,64,62,,,,,0,0,0,,,,,,,,,,,,,,,,,,,,,
,359,,,0,8.653092,,,,,,,176,64,61,,,,,0,0,0,,,,,,,,,,,,,,,,,,,,,
,360,,,0,8.663508,,,,,,,176,64,60,,,,,0,0,0,,,,,,,,,,,,,,,,,,,,,
,361,,,0,8.671320,,,,,,,128,61,0,,,,,0,0,0,,,,,,,,,,,,,,,,,,,,,
,362,,,0,8.673924,,,,,,,176,64,62,,,,,0,0,0,,,,,,,,,,,,,,,,,,,,,
,363,,,0,8.681736,,,,,,,176,64,60,,,,,0,0,0,,,,,,,,,,,,,,,,,,,,,
303,364,1,4270,0,8.710380,0.0,0.0,0,F#2,,9,144,42,48,,6008,,,0,0,0,,,,,0,,,,,,,,,,,,,,,,
,365,,,0,8.712984,,,,,,,176,64,61,,,,,0,0,0,,,,,,,,,,,,,,,,,,,,,
,366,,,0,8.733816,,,,,,,176,64,59,,,,,0,0,0,,,,,,,,,,,,,,,,,,,,,
,367,,,0,8.793708,,,,,,,176,67,19,,,,,0,0,0,,,,,,,,,,,,,,,,,,,,,
303,368,1,4271,0,8.798916,0.0,0.0,0,A1,,10,144,33,53,,6008,,,0,0,0,,,,,0,,,,,,,,,,,,,,,,
,369,,,0,8.801520,,,,,,,176,67,20,,,,,0,0,0,,,,,,,,,,,,,,,,,,,,,
,370,,,0,8.832768,,,,,,,176,67,19,,,,,0,0,0,,,,,,,,,,,,,,,,,,,,,
,371,,,0,8.840580,,,,,,,128,42,0,,,,,0,0,0,,,,,,,,,,,,,,,,,,,,,
,372,,,0,8.843184,,,,,,,176,67,20,,,,,0,0,0,,,,,,,,,,,,,,,,,,,,,
,373,,,0,8.895264,,,,,,,128,33,0,,,,,0,0,0,,,,,,,,,,,,,,,,,,,,,
,374,,,0,8.921304,,,,,,,176,67,19,,,,,0,0,0,,,,,,,,,,,,,,,,,,,,,
,375,,,0,8.931720,,,,,,,176,67,20,,,,,0,0,0,,,,,,,,,,,,,,,,,,,,,
303,376,1,4272,0,9.043692,0.0,0.0,0,C#4,,10,144,61,53,,6008,,,0,0,0,,,,,0,,,,,,,,,,,,,,,,
,377,,,0,9.114000,,,,,,,128,61,0,,,,,0,0,0,,,,,,,,,,,,,,,,,,,,,
303,378,1,4273,0,9.121812,0.0,0.0,0,F#2,,10,144,42,53,,6008,,,0,0,0,,,,,0,,,,,,,,,,,,,,,,
,379,,,0,9.179100,,,,,,,128,42,0,,,,,0,0,0,,,,,,,,,,,,,,,,,,,,,
303,380,1,4274,0,9.202536,0.0,0.0,0,C#4,,10,144,61,53,,6008,,,0,0,0,,,,,0,,,,,,,,,,,,,,,,
,381,,,0,9.257220,,,,,,,128,61,0,,,,,0,0,0,,,,,,,,,,,,,,,,,,,,,
,382,,,0,9.306696,,,,,,,128,71,0,,,,,0,0,0,,,,,,,,,,,,,,,,,,,,,
303,383,1,4276,0,9.311904,0.0,0.0,0,F#2,,10,144,42,53,,6008,,,0,0,0,,,,,0,,,,,,,,,,,,,,,,
303,384,1,4277,0,9.327528,0.0,0.0,0,A1,,10,144,33,53,,6008,,,0,0,0,,,,,0,,,,,,,,,,,,,,,,
,385,,,0,9.366588,,,,,,,128,42,0,,,,,0,0,0,,,,,,,,,,,,,,,,,,,,,
,386,,,0,9.418668,,,,,,,128,33,0,,,,,0,0,0,,,,,,,,,,,,,,,,,,,,,
303,387,1,4276,0,9.449916,0.0,0.0,0,F#2,,10,144,42,53,,6008,,,0,0,0,,,,,0,,,,,,,,,,,,,,,,
,388,,,0,9.525432,,,,,,,128,42,0,,,,,0,0,0,,,,,,,,,,,,,,,,,,,,,
303,389,1,4277,0,9.541056,0.0,0.0,0,A1,,10,144,33,53,,6008,,,0,0,0,,,,,0,,,,,,,,,,,,,,,,
,390,,,0,9.561888,,,,,,,176,64,56,,,,,0,0,0,,,,,,,,,,,,,,,,,,,,,
,391,,,0,9.572304,,,,,,,176,64,51,,,,,0,0,0,,,,,,,,,,,,,,,,,,,,,
,392,,,0,9.585324,,,,,,,176,64,42,,,,,0,0,0,,,,,,,,,,,,,,,,,,,,,
,393,,,0,9.595740,,,,,,,176,64,33,,,,,0,0,0,,,,,,,,,,,,,,,,,,,,,
,394,,,0,9.603552,,,,,,,176,64,21,,,,,0,0,0,,,,,,,,,,,,,,,,,,,,,
,395,,,0,9.613968,,,,,,,176,64,14,,,,,0,0,0,,,,,,,,,,,,,,,,,,,,,
,396,,,0,9.621780,,,,,,,176,64,12,,,,,0,0,0,,,,,,,,,,,,,,,,,,,,,
,397,,,0,9.653028,,,,,,,176,64,13,,,,,0,0,0,,,,,,,,,,,,,,,,,,,,,
,398,,,0,9.663444,,,,,,,176,64,19,,,,,0,0,0,,,,,,,,,,,,,,,,,,,,,
,399,,,0,9.671256,,,,,,,128,33,0,,,,,0,0,0,,,,,,,,,,,,,,,,,,,,,
,400,,,0,9.676464,,,,,,,176,64,23,,,,,0,0,0,,,,,,,,,,,,,,,,,,,,,
,401,,,0,9.684276,,,,,,,176,64,25,,,,,0,0,0,,,,,,,,,,,,,,,,,,,,,
303,402,1,4278,0,9.686880,0.0,0.0,0,D#5,,11,144,75,58,,6008,,,0,0,0,,,,,0,,,,,,,,,,,,,,,,
,403,,,0,9.694692,,,,,,,176,64,29,,,,,0,0,0,,,,,,,,,,,,,,,,,,,,,
,404,,,0,9.702504,,,,,,,176,64,34,,,,,0,0,0,,,,,,,,,,,,,,,,,,,,,
,405,,,0,9.712920,,,,,,,176,64,42,,,,,0,0,0,,,,,,,,,,,,,,,,,,,,,
,406,,,0,9.723336,,,,,,,176,64,54,,,,,0,0,0,,,,,,,,,,,,,,,,,,,,,
,407,,,0,9.733752,,,,,,,176,64,62,,,,,0,0,0,,,,,,,,,,,,,,,,,,,,,
,408,,,0,9.741564,,,,,,,176,64,67,,,,,1,0,0,,,,,,,,,,,,,,,,,,,,,
,409,,,0,9.754584,,,,,,,176,64,71,,,,,1,0,0,,,,,,,,,,,,,,,,,,,,,
303,410,1,4279,0,9.796248,0.0,0.0,0,B4,,11,144,71,58,,6008,,,1,0,0,,,,,0,,,,,,,,,,,,,,,,
,411,,,0,9.814476,,,,,,,128,75,0,,,,,1,0,0,,,,,,,,,,,,,,,,,,,,,
,412,,,0,9.832704,,,,,,,176,64,70,,,,,1,0,0,,,,,,,,,,,,,,,,,,,,,
,413,,,0,9.843120,,,,,,,176,64,71,,,,,1,0,0,,,,,,,,,,,,,,,,,,,,,
,414,,,0,9.843120,,,,,,,176,67,19,,,,,1,0,0,,,,,,,,,,,,,,,,,,,,,
,415,,,0,9.853536,,,,,,,176,64,70,,,,,1,0,0,,,,,,,,,,,,,,,,,,,,,
,416,,,0,9.853536,,,,,,,176,67,20,,,,,1,0,0,,,,,,,,,,,,,,,,,,,,,
,417,,,0,9.863952,,,,,,,176,64,71,,,,,1,0,0,,,,,,,,,,,,,,,,,,,,,
,418,,,0,9.871764,,,,,,,176,64,69,,,,,1,0,0,,,,,,,,,,,,,,,,,,,,,
,419,,,0,9.882180,,,,,,,176,64,67,,,,,1,0,0,,,,,,,,,,,,,,,,,,,,,
,420,,,0,9.903012,,,,,,,176,64,62,,,,,0,0,0,,,,,,,,,,,,,,,,,,,,,
,421,,,0,9.913428,,,,,,,176,64,59,,,,,0,0,0,,,,,,,,,,,,,,,,,,,,,
,422,,,0,9.921240,,,,,,,176,64,51,,,,,0,0,0,,,,,,,,,,,,,,,,,,,,,
,423,,,0,9.931656,,,,,,,176,64,42,,,,,0,0,0,,,,,,,,,,,,,,,,,,,,,
,424,,,0,9.939468,,,,,,,128,71,0,,,,,0,0,0,,,,,,,,,,,,,,,,,,,,,
303,425,1,4280,0,9.942072,0.0,0.0,0,D#5,,10,144,75,53,,6008,,,0,0,0,,,,,0,,,,,,,,,,,,,,,,
,426,,,0,9.944676,,,,,,,176,64,31,,,,,0,0,0,,,,,,,,,,,,,,,,,,,,,
303,427,1,4280,0,9.947280,0.0,0.0,0,B3,,11,144,59,58,,6008,,,0,0,0,,,,,0,,,,,,,,,,,,,,,,
,428,,,0,9.952488,,,,,,,176,64,23,,,,,0,0,0,,,,,,,,,,,,,,,,,,,,,
,429,,,0,9.962904,,,,,,,176,64,20,,,,,0,0,0,,,,,,,,,,,,,,,,,,,,,
,430,,,0,9.973320,,,,,,,176,64,12,,,,,0,0,0,,,,,,,,,,,,,,,,,,,,,
,431,,,0,10.001964,,,,,,,176,64,15,,,,,0,0,0,,,,,,,,,,,,,,,,,,,,,
,432,,,0,10.012380,,,,,,,176,64,20,,,,,0,0,0,,,,,,,,,,,,,,,,,,,,,
,433,,,0,10.022796,,,,,,,176,64,21,,,,,0,0,0,,,,,,,,,,,,,,,,,,,,,
,434,,,0,10.033212,,,,,,,176,64,24,,,,,0,0,0,,,,,,,,,,,,,,,,,,,,,
,435,,,0,10.043628,,,,,,,176,64,27,,,,,0,0,0,,,,,,,,,,,,,,,,,,,,,
,436,,,0,10.051440,,,,,,,176,64,31,,,,,0,0,0,,,,,,,,,,,,,,,,,,,,,
,437,,,0,10.072272,,,,,,,176,64,35,,,,,0,0,0,,,,,,,,,,,,,,,,,,,,,
,438,,,0,10.072272,,,,,,,176,67,19,,,,,0,0,0,,,,,,,,,,,,,,,,,,,,,
,439,,,0,10.082688,,,,,,,176,67,20,,,,,0,0,0,,,,,,,,,,,,,,,,,,,,,
,440,,,0,10.093104,,,,,,,176,64,34,,,,,0,0,0,,,,,,,,,,,,,,,,,,,,,
,441,,,0,10.103520,,,,,,,176,64,35,,,,,0,0,0,,,,,,,,,,,,,,,,,,,,,
,442,,,0,10.121748,,,,,,,176,64,32,,,,,0,0,0,,,,,,,,,,,,,,,,,,,,,
,443,,,0,10.142580,,,,,,,176,64,31,,,,,0,0,0,,,,,,,,,,,,,,,,,,,,,
,444,,,0,10.163412,,,,,,,176,64,30,,,,,0,0,0,,,,,,,,,,,,,,,,,,,,,
,445,,,0,10.168620,,,,,,,128,59,0,,,,,0,0,0,,,,,,,,,,,,,,,,,,,,,
,446,,,0,10.173828,,,,,,,176,64,31,,,,,0,0,0,,,,,,,,,,,,,,,,,,,,,
,447,,,0,10.176432,,,,,,,128,75,0,,,,,0,0,0,,,,,,,,,,,,,,,,,,,,,
303,448,1,4281,0,10.181640,0.0,0.0,0,B4,,9,144,71,48,,6008,,,0,0,0,,,,,0,,,,,,,,,,,,,,,,
,449,,,0,10.181640,,,,,,,176,64,30,,,,,0,0,0,,,,,,,,,,,,,,,,,,,,,
,450,,,0,10.192056,,,,,,,176,64,32,,,,,0,0,0,,,,,,,,,,,,,,,,,,,,,
,451,,,0,10.202472,,,,,,,176,64,31,,,,,0,0,0,,,,,,,,,,,,,,,,,,,,,
303,452,1,4281,0,10.205076,0.0,0.0,0,G3,,10,144,55,53,,6008,,,0,0,0,,,,,0,,,,,,,,,,,,,,,,
,453,,,0,10.212888,,,,,,,176,67,19,,,,,0,0,0,,,,,,,,,,,,,,,,,,,,,
,454,,,0,10.223304,,,,,,,176,64,33,,,,,0,0,0,,,,,,,,,,,,,,,,,,,,,
,455,,,0,10.223304,,,,,,,176,67,20,,,,,0,0,0,,,,,,,,,,,,,,,,,,,,,
,456,,,0,10.233720,,,,,,,176,64,35,,,,,0,0,0,,,,,,,,,,,,,,,,,,,,,
,457,,,0,10.241532,,,,,,,176,67,19,,,,,0,0,0,,,,,,,,,,,,,,,,,,,,,
,458,,,0,10.251948,,,,,,,176,67,20,,,,,0,0,0,,,,,,,,,,,,,,,,,,,,,
,459,,,0,10.293612,,,,,,,176,64,34,,,,,0,0,0,,,,,,,,,,,,,,,,,,,,,
,460,,,0,10.301424,,,,,,,176,64,35,,,,,0,0,0,,,,,,,,,,,,,,,,,,,,,
,461,,,0,10.322256,,,,,,,176,64,34,,,,,0,0,0,,,,,,,,,,,,,,,,,,,,,
,462,,,0,10.332672,,,,,,,176,64,35,,,,,0,0,0,,,,,,,,,,,,,,,,,,,,,
,463,,,0,10.335276,,,,,,,128,55,0,,,,,0,0,0,,,,,,,,,,,,,,,,,,,,,
,464,,,0,10.371732,,,,,,,128,71,0,,,,,0,0,0,,,,,,,,,,,,,,,,,,,,,
,465,,,0,10.382148,,,,,,,176,64,34,,,,,0,0,0,,,,,,,,,,,,,,,,,,,,,
,466,,,0,10.392564,,,,,,,176,64,35,,,,,0,0,0,,,,,,,,,,,,,,,,,,,,,
303,467,1,4282,0,10.400376,0.0,0.0,0,D#5,,9,144,75,48,,6008,,,0,0,0,,,,,0,,,,,,,,,,,,,,,,
,468,,,0,10.421208,,,,,,,176,64,33,,,,,0,0,0,,,,,,,,,,,,,,,,,,,,,
,469,,,0,10.442040,,,,,,,176,64,34,,,,,0,0,0,,,,,,,,,,,,,,,,,,,,,
,470,,,0,10.452456,,,,,,,176,64,35,,,,,0,0,0,,,,,,,,,,,,,,,,,,,,,
,471,,,0,10.501932,,,,,,,176,64,33,,,,,0,0,0,,,,,,,,,,,,,,,,,,,,,
,472,,,0,10.504536,,,,,,,176,67,19,,,,,0,0,0,,,,,,,,,,,,,,,,,,,,,
,473,,,0,10.512348,,,,,,,176,64,34,,,,,0,0,0,,,,,,,,,,,,,,,,,,,,,
,474,,,0,10.512348,,,,,,,176,67,20,,,,,0,0,0,,,,,,,,,,,,,,,,,,,,,
303,475,1,4283,0,10.517556,0.0,0.0,0,B4,,8,144,71,42,,6008,,,0,0,0,,,,,0,,,,,,,,,,,,,,,,
,476,,,0,10.520160,,,,,,,128,75,0,,,,,0,0,0,,,,,,,,,,,,,,,,,,,,,
,477,,,0,10.522764,,,,,,,176,64,35,,,,,0,0,0,,,,,,,,,,,,,,,,,,,,,
,478,,,0,10.533180,,,,,,,176,64,34,,,,,0,0,0,,,,,,,,,,,,,,,,,,,,,
,479,,,0,10.551408,,,,,,,176,64,35,,,,,0,0,0,,,,,,,,,,,,,,,,,,,,,
,480,,,0,10.572240,,,,,,,176,64,34,,,,,0,0,0,,,,,,,,,,,,,,,,,,,,,
,481,,,0,10.582656,,,,,,,176,64,35,,,,,0,0,0,,,,,,,,,,,,,,,,,,,,,
303,482,1,4284,0,10.611300,0.0,0.0,0,G3,,8,144,55,42,,6008,,,0,0,0,,,,,0,,,,,,,,,,,,,,,,
,483,,,0,10.621716,,,,,,,176,64,36,,,,,0,0,0,,,,,,,,,,,,,,,,,,,,,
,484,,,0,10.632132,,,,,,,176,64,39,,,,,0,0,0,,,,,,,,,,,,,,,,,,,,,
,485,,,0,10.663380,,,,,,,176,64,43,,,,,0,0,0,,,,,,,,,,,,,,,,,,,,,
,486,,,0,10.684212,,,,,,,176,64,46,,,,,0,0,0,,,,,,,,,,,,,,,,,,,,,
,487,,,0,10.692024,,,,,,,176,64,47,,,,,0,0,0,,,,,,,,,,,,,,,,,,,,,
,488,,,0,10.702440,,,,,,,176,64,48,,,,,0,0,0,,,,,,,,,,,,,,,,,,,,,
,489,,,0,10.712856,,,,,,,176,64,51,,,,,0,0,0,,,,,,,,,,,,,,,,,,,,,
,490,,,0,10.723272,,,,,,,176,64,52,,,,,0,0,0,,,,,,,,,,,,,,,,,,,,,
,491,,,0,10.733688,,,,,,,176,64,55,,,,,0,0,0,,,,,,,,,,,,,,,,,,,,,
0,492,1,0,0,10.744104,0.0,0.0,0,G#5,,-1,144,80,90,,,,,0,0,0,,,,,,,,,,,,,,,,,,,,,
,493,,,0,10.746708,,,,,,,128,71,0,,,,,0,0,0,,,,,,,,,,,,,,,,,,,,,
,494,,,0,10.772748,,,,,,,176,64,57,,,,,0,0,0,,,,,,,,,,,,,,,,,,,,,
,495,,,0,10.783164,,,,,,,176,64,55,,,,,0,0,0,,,,,,,,,,,,,,,,,,,,,
,496,,,0,10.793580,,,,,,,176,64,58,,,,,0,0,0,,,,,,,,,,,,,,,,,,,,,
,497,,,0,10.796184,,,,,,,128,55,0,,,,,0,0,0,,,,,,,,,,,,,,,,,,,,,
,498,,,0,10.801392,,,,,,,176,64,55,,,,,0,0,0,,,,,,,,,,,,,,,,,,,,,
,499,,,0,10.811808,,,,,,,176,64,58,,,,,0,0,0,,,,,,,,,,,,,,,,,,,,,
,500,,,0,10.822224,,,,,,,176,64,57,,,,,0,0,0,,,,,,,,,,,,,,,,,,,,,
,501,,,0,10.832640,,,,,,,176,64,56,,,,,0,0,0,,,,,,,,,,,,,,,,,,,,,
,502,,,0,10.843056,,,,,,,176,64,58,,,,,0,0,0,,,,,,,,,,,,,,,,,,,,,
,503,,,0,10.853472,,,,,,,176,64,55,,,,,0,0,0,,,,,,,,,,,,,,,,,,,,,
,504,,,0,10.861284,,,,,,,176,64,57,,,,,0,0,0,,,,,,,,,,,,,,,,,,,,,
,505,,,0,10.871700,,,,,,,176,64,56,,,,,0,0,0,,,,,,,,,,,,,,,,,,,,,
,506,,,0,10.882116,,,,,,,176,64,57,,,,,0,0,0,,,,,,,,,,,,,,,,,,,,,
,507,,,0,10.892532,,,,,,,176,64,56,,,,,0,0,0,,,,,,,,,,,,,,,,,,,,,
,508,,,0,10.926384,,,,,,,176,64,57,,,,,0,0,0,,,,,,,,,,,,,,,,,,,,,
303,509,1,4285,0,10.928988,0.0,0.0,0,D#5,,7,144,75,37,,6008,,,0,0,0,,,,,0,,,,,,,,,,,,,,,,
,510,,,0,10.934196,,,,,,,176,64,56,,,,,0,0,0,,,,,,,,,,,,,,,,,,,,,
303,511,1,4286,0,10.947216,0.0,0.0,0,G3,,7,144,55,37,,6008,,,0,0,0,,,,,0,,,,,,,,,,,,,,,,
,512,,,0,10.952424,,,,,,,176,64,57,,,,,0,0,0,,,,,,,,,,,,,,,,,,,,,
,513,,,0,10.962840,,,,,,,176,64,55,,,,,0,0,0,,,,,,,,,,,,,,,,,,,,,
,514,,,0,10.973256,,,,,,,176,64,57,,,,,0,0,0,,,,,,,,,,,,,,,,,,,,,
,515,,,0,10.973256,,,,,,,176,67,19,,,,,0,0,0,,,,,,,,,,,,,,,,,,,,,
,516,,,0,10.973256,,,,,,,128,80,0,,,,,0,0,0,,,,,,,,,,,,,,,,,,,,,
,517,,,0,10.983672,,,,,,,176,64,56,,,,,0,0,0,,,,,,,,,,,,,,,,,,,,,
,518,,,0,10.983672,,,,,,,176,67,20,,,,,0,0,0,,,,,,,,,,,,,,,,,,,,,
,519,,,0,11.004504,,,,,,,176,64,55,,,,,0,0,0,,,,,,,,,,,,,,,,,,,,,
,520,,,0,11.012316,,,,,,,176,64,57,,,,,0,0,0,,,,,,,,,,,,,,,,,,,,,
,521,,,0,11.022732,,,,,,,176,64,55,,,,,0,0,0,,,,,,,,,,,,,,,,,,,,,
,522,,,0,11.056584,,,,,,,128,75,0,,,,,0,0,0,,,,,,,,,,,,,,,,,,,,,
,523,,,0,11.061792,,,,,,,176,64,54,,,,,0,0,0,,,,,,,,,,,,,,,,,,,,,
,524,,,0,11.072208,,,,,,,176,64,51,,,,,0,0,0,,,,,,,,,,,,,,,,,,,,,
,525,,,0,11.082624,,,,,,,176,64,49,,,,,0,0,0,,,,,,,,,,,,,,,,,,,,,
,526,,,0,11.093040,,,,,,,176,64,47,,,,,0,0,0,,,,,,,,,,,,,,,,,,,,,
303,527,1,4287,0,11.103456,0.0,0.0,0,G#5,,14,144,80,74,,6008,,,0,0,0,,,,,0,,,,,,,,,,,,,,,,
303,528,1,4286,0,11.137308,0.0,0.0,0,B4,,7,144,71,37,,6008,,,0,0,0,,,,,0,,,,,,,,,,,,,,,,
,529,,,0,11.152932,,,,,,,128,55,0,,,,,0,0,0,,,,,,,,,,,,,,,,,,,,,
,530,,,0,11.220636,,,,,,,128,71,0,,,,,0,0,0,,,,,,,,,,,,,,,,,,,,,
,531,,,0,11.272716,,,,,,,176,64,48,,,,,0,0,0,,,,,,,,,,,,,,,,,,,,,
,532,,,0,11.283132,,,,,,,176,64,47,,,,,0,0,0,,,,,,,,,,,,,,,,,,,,,
,533,,,0,11.371668,,,,,,,176,64,43,,,,,0,0,0,,,,,,,,,,,,,,,,,,,,,
,534,,,0,11.387292,,,,,,,176,64,36,,,,,0,0,0,,,,,,,,,,,,,,,,,,,,,
,535,,,0,11.392500,,,,,,,176,64,28,,,,,0,0,0,,,,,,,,,,,,,,,,,,,,,
,536,,,0,11.402916,,,,,,,176,64,20,,,,,0,0,0,,,,,,,,,,,,,,,,,,,,,
,537,,,0,11.413332,,,,,,,176,64,12,,,,,0,0,0,,,,,,,,,,,,,,,,,,,,,
,538,,,0,11.421144,,,,,,,176,64,5,,,,,0,0,0,,,,,,,,,,,,,,,,,,,,,
,539,,,0,11.441976,,,,,,,176,64,4,,,,,0,0,0,,,,,,,,,,,,,,,,,,,,,
303,540,1,4288,0,11.444580,0.0,0.0,0,D#5,,13,144,75,69,,6008,,,0,0,0,,,,,0,,,,,,,,,,,,,,,,
,541,,,0,11.452392,,,,,,,176,67,19,,,,,0,0,0,,,,,,,,,,,,,,,,,,,,,
303,542,1,4289,0,11.462808,0.0,0.0,0,B4,,12,144,71,64,,6008,,,0,0,0,,,,,0,,,,,,,,,,,,,,,,
,543,,,0,11.462808,,,,,,,176,64,8,,,,,0,0,0,,,,,,,,,,,,,,,,,,,,,
,544,,,0,11.465412,,,,,,,176,67,20,,,,,0,0,0,,,,,,,,,,,,,,,,,,,,,
,545,,,0,11.473224,,,,,,,176,64,11,,,,,0,0,0,,,,,,,,,,,,,,,,,,,,,
,546,,,0,11.481036,,,,,,,176,64,14,,,,,0,0,0,,,,,,,,,,,,,,,,,,,,,
,547,,,0,11.491452,,,,,,,176,64,19,,,,,0,0,0,,,,,,,,,,,,,,,,,,,,,
,548,,,0,11.501868,,,,,,,176,64,23,,,,,0,0,0,,,,,,,,,,,,,,,,,,,,,
,549,,,0,11.512284,,,,,,,176,64,27,,,,,0,0,0,,,,,,,,,,,,,,,,,,,,,
,550,,,0,11.522700,,,,,,,176,64,33,,,,,0,0,0,,,,,,,,,,,,,,,,,,,,,
,551,,,0,11.533116,,,,,,,176,64,40,,,,,0,0,0,,,,,,,,,,,,,,,,,,,,,
,552,,,0,11.543532,,,,,,,176,64,46,,,,,0,0,0,,,,,,,,,,,,,,,,,,,,,
,553,,,0,11.546136,,,,,,,128,71,0,,,,,0,0,0,,,,,,,,,,,,,,,,,,,,,
,554,,,0,11.553948,,,,,,,176,64,51,,,,,0,0,0,,,,,,,,,,,,,,,,,,,,,
,555,,,0,11.561760,,,,,,,128,80,0,,,,,0,0,0,,,,,,,,,,,,,,,,,,,,,
,556,,,0,11.561760,,,,,,,176,64,54,,,,,0,0,0,,,,,,,,,,,,,,,,,,,,,
,557,,,0,11.585196,,,,,,,176,64,55,,,,,0,0,0,,,,,,,,,,,,,,,,,,,,,
303,558,1,4288,0,11.595612,0.0,0.0,0,G3,,14,144,55,74,,6008,,,0,0,0,,,,,0,,,,,,,,,,,,,,,,
,559,,,0,11.600820,,,,,,,128,75,0,,,,,0,0,0,,,,,,,,,,,,,,,,,,,,,
,560,,,0,11.624256,,,,,,,176,64,58,,,,,0,0,0,,,,,,,,,,,,,,,,,,,,,
,561,,,0,11.632068,,,,,,,176,64,59,,,,,0,0,0,,,,,,,,,,,,,,,,,,,,,
,562,,,0,11.663316,,,,,,,176,64,60,,,,,0,0,0,,,,,,,,,,,,,,,,,,,,,
,563,,,0,11.673732,,,,,,,176,64,61,,,,,0,0,0,,,,,,,,,,,,,,,,,,,,,
,564,,,0,11.684148,,,,,,,176,64,62,,,,,0,0,0,,,,,,,,,,,,,,,,,,,,,
,565,,,0,11.694564,,,,,,,176,64,63,,,,,0,0,0,,,,,,,,,,,,,,,,,,,,,
,566,,,0,11.702376,,,,,,,176,64,62,,,,,0,0,0,,,,,,,,,,,,,,,,,,,,,
,567,,,0,11.712792,,,,,,,128,55,0,,,,,0,0,0,,,,,,,,,,,,,,,,,,,,,
,568,,,0,11.712792,,,,,,,176,64,63,,,,,0,0,0,,,,,,,,,,,,,,,,,,,,,
,569,,,0,11.723208,,,,,,,176,64,62,,,,,0,0,0,,,,,,,,,,,,,,,,,,,,,
303,570,1,4289,0,11.728416,0.0,0.0,0,G#5,,12,144,80,64,,6008,,,0,0,0,,,,,0,,,,,,,,,,,,,,,,
,571,,,0,11.733624,,,,,,,176,64,63,,,,,0,0,0,,,,,,,,,,,,,,,,,,,,,
304,572,1,4290,0,11.749248,0.0,0.0,0,D#5,,11,144,75,58,,6008,,,0,0,0,,,,,0,,,,,,,,,,,,,,,,
304,573,1,4290,0,11.762268,0.0,0.0,0,B4,,11,144,71,58,,6008,,,0,0,0,,,,,0,,,,,,,,,,,,,,,,
,574,,,0,11.827368,,,,,,,128,71,0,,,,,0,0,0,,,,,,,,,,,,,,,,,,,,,
0,575,1,0,0,11.884656,0.0,0.0,0,A2,,-1,144,45,57,,,,,0,0,0,,,,,,,,,,,,,,,,,,,,,
,576,,,0,11.978400,,,,,,,128,75,0,,,,,0,0,0,,,,,,,,,,,,,,,,,,,,,
304,577,1,4291,0,12.001836,0.0,0.0,0,G3,,13,144,55,69,,6008,,,0,0,0,,,,,0,,,,,,,,,,,,,,,,
,578,,,0,12.014856,,,,,,,128,45,0,,,,,0,0,0,,,,,,,,,,,,,,,,,,,,,
,579,,,0,12.082560,,,,,,,176,64,62,,,,,0,0,0,,,,,,,,,,,,,,,,,,,,,
,580,,,0,12.092976,,,,,,,176,64,63,,,,,0,0,0,,,,,,,,,,,,,,,,,,,,,
,581,,,0,12.111204,,,,,,,128,55,0,,,,,0,0,0,,,,,,,,,,,,,,,,,,,,,
0,582,1,0,0,12.119016,0.0,0.0,0,A2,,-1,144,45,56,,,,,0,0,0,,,,,,,,,,,,,,,,,,,,,
304,583,1,4292,0,12.129432,0.0,0.0,0,D#5,,17,144,75,90,,6008,,,0,0,0,,,,,0,,,,,,,,,,,,,,,,
304,584,1,4292,0,12.160680,0.0,0.0,0,B4,,17,144,71,90,,6008,,,0,0,0,,,,,0,,,,,,,,,,,,,,,,
,585,,,0,12.184116,,,,,,,128,80,0,,,,,0,0,0,,,,,,,,,,,,,,,,,,,,,
,586,,,0,12.189324,,,,,,,128,75,0,,,,,0,0,0,,,,,,,,,,,,,,,,,,,,,
,587,,,0,12.212760,,,,,,,128,45,0,,,,,0,0,0,,,,,,,,,,,,,,,,,,,,,
,588,,,0,12.228384,,,,,,,128,71,0,,,,,0,0,0,,,,,,,,,,,,,,,,,,,,,
,589,,,0,12.342960,,,,,,,176,64,62,,,,,0,0,0,,,,,,,,,,,,,,,,,,,,,
,590,,,0,12.353376,,,,,,,176,64,63,,,,,0,0,0,,,,,,,,,,,,,,,,,,,,,
,591,,,0,12.363792,,,,,,,176,64,62,,,,,0,0,0,,,,,,,,,,,,,,,,,,,,,
,592,,,0,12.374208,,,,,,,176,64,63,,,,,0,0,0,,,,,,,,,,,,,,,,,,,,,
,593,,,0,12.405456,,,,,,,176,64,62,,,,,0,0,0,,,,,,,,,,,,,,,,,,,,,
,594,,,0,12.413268,,,,,,,176,64,63,,,,,0,0,0,,,,,,,,,,,,,,,,,,,,,
,595,,,0,12.423684,,,,,,,176,64,60,,,,,0,0,0,,,,,,,,,,,,,,,,,,,,,
,596,,,0,12.434100,,,,,,,176,64,59,,,,,0,0,0,,,,,,,,,,,,,,,,,,,,,
304,597,1,4297,0,12.449724,0.0,0.0,0,G#6,,7,144,92,37,,6008,,,0,0,0,,,,,0,,,,,,,,,,,,,,,,
304,598,1,4298,0,12.598152,0.0,0.0,0,D#4,,11,144,63,58,,6008,,,0,0,0,,,,,0,,,,,,,,,,,,,,,,
,599,,,0,12.639816,,,,,,,128,63,0,,,,,0,0,0,,,,,,,,,,,,,,,,,,,,,
304,600,1,4292,0,12.741372,0.0,0.0,0,G#5,,17,144,80,90,,6008,,,0,0,0,,,,,0,,,,,,,,,,,,,,,,
,601,,,0,12.796056,,,,,,,128,92,0,,,,,0,0,0,,,,,,,,,,,,,,,,,,,,,
,602,,,0,12.822096,,,,,,,128,80,0,,,,,0,0,0,,,,,,,,,,,,,,,,,,,,,
304,603,1,4300,0,12.897612,0.0,0.0,0,B3,,8,144,59,42,,6008,,,0,0,0,,,,,0,,,,,,,,,,,,,,,,
,604,,,0,12.954900,,,,,,,128,59,0,,,,,0,0,0,,,,,,,,,,,,,,,,,,,,,
304,605,1,4301,0,13.014792,0.0,0.0,0,G2,,14,144,43,74,,6008,,,0,0,0,,,,,0,,,,,,,,,,,,,,,,
304,606,1,4302,0,13.131972,0.0,0.0,0,D#3,,17,144,51,90,,6008,,,0,0,0,,,,,0,,,,,,,,,,,,,,,,
,607,,,0,13.142388,,,,,,,128,43,0,,,,,0,0,0,,,,,,,,,,,,,,,,,,,,,
,608,,,0,13.194468,,,,,,,176,64,60,,,,,0,0,0,,,,,,,,,,,,,,,,,,,,,
,609,,,0,13.202280,,,,,,,176,64,59,,,,,0,0,0,,,,,,,,,,,,,,,,,,,,,
304,610,1,4303,0,13.204884,0.0,0.0,0,B2,,19,144,47,101,,6008,,,0,0,0,,,,,0,,,,,,,,,,,,,,,,
,611,,,0,13.225716,,,,,,,176,64,60,,,,,0,0,0,,,,,,,,,,,,,,,,,,,,,
,612,,,0,13.233528,,,,,,,176,64,59,,,,,0,0,0,,,,,,,,,,,,,,,,,,,,,
,613,,,0,13.256964,,,,,,,128,51,0,,,,,0,0,0,,,,,,,,,,,,,,,,,,,,,
,614,,,0,13.262172,,,,,,,176,64,61,,,,,0,0,0,,,,,,,,,,,,,,,,,,,,,
,615,,,0,13.283004,,,,,,,176,64,60,,,,,0,0,0,,,,,,,,,,,,,,,,,,,,,
,616,,,0,13.293420,,,,,,,176,64,61,,,,,0,0,0,,,,,,,,,,,,,,,,,,,,,
,617,,,0,13.296024,,,,,,,128,47,0,,,,,0,0,0,,,,,,,,,,,,,,,,,,,,,
304,618,1,4304,0,13.301232,0.0,0.0,0,G#5,,22,144,80,117,,6008,,,0,0,0,,,,,0,,,,,,,,,,,,,,,,
,619,,,0,13.303836,,,,,,,176,64,63,,,,,0,0,0,,,,,,,,,,,,,,,,,,,,,
304,620,1,4304,0,13.303836,0.0,0.0,0,D#5,,22,144,75,117,,6008,,,0,0,0,,,,,0,,,,,,,,,,,,,,,,
304,621,1,4304,0,13.309044,0.0,0.0,0,B4,,22,144,71,117,,6008,,,0,0,0,,,,,0,,,,,,,,,,,,,,,,
304,622,1,4304,0,13.314252,0.0,0.0,0,G#4,,22,144,68,117,,6008,,,0,0,0,,,,,0,,,,,,,,,,,,,,,,
,623,,,0,13.350708,,,,,,,128,71,0,,,,,0,0,0,,,,,,,,,,,,,,,,,,,,,
,624,,,0,13.355916,,,,,,,128,68,0,,,,,0,0,0,,,,,,,,,,,,,,,,,,,,,
,625,,,0,13.384560,,,,,,,128,75,0,,,,,0,0,0,,,,,,,,,,,,,,,,,,,,,
,626,,,0,13.387164,,,,,,,128,80,0,,,,,0,0,0,,,,,,,,,,,,,,,,,,,,,
,627,,,0,13.434036,,,,,,,176,64,60,,,,,0,0,0,,,,,,,,,,,,,,,,,,,,,
,628,,,0,13.441848,,,,,,,176,64,59,,,,,0,0,0,,,,,,,,,,,,,,,,,,,,,
304,629,1,4305,0,13.480908,0.0,0.0,0,A1,,22,144,33,117,,6008,,,0,0,0,,,,,0,,,,,,,,,,,,,,,,
304,630,1,4305,0,13.488720,0.0,0.0,0,G2,,22,144,43,117,,6008,,,0,0,0,,,,,0,,,,,,,,,,,,,,,,
,631,,,0,13.532988,,,,,,,176,64,58,,,,,0,0,0,,,,,,,,,,,,,,,,,,,,,
,632,,,0,13.553820,,,,,,,176,64,56,,,,,0,0,0,,,,,,,,,,,,,,,,,,,,,
,633,,,0,13.564236,,,,,,,128,43,0,,,,,0,0,0,,,,,,,,,,,,,,,,,,,,,
,634,,,0,13.564236,,,,,,,176,64,55,,,,,0,0,0,,,,,,,,,,,,,,,,,,,,,
,635,,,0,13.595484,,,,,,,128,33,0,,,,,0,0,0,,,,,,,,,,,,,,,,,,,,,
304,636,1,4306,0,13.626732,0.0,0.0,0,D#4,,22,144,63,117,,6008,,,0,0,0,,,,,0,,,,,,,,,,,,,,,,
,637,,,0,13.652772,,,,,,,176,64,53,,,,,0,0,0,,,,,,,,,,,,,,,,,,,,,
,638,,,0,13.663188,,,,,,,176,64,51,,,,,0,0,0,,,,,,,,,,,,,,,,,,,,,
,639,,,0,13.673604,,,,,,,176,64,47,,,,,0,0,0,,,,,,,,,,,,,,,,,,,,,
,640,,,0,13.684020,,,,,,,176,64,42,,,,,0,0,0,,,,,,,,,,,,,,,,,,,,,
,641,,,0,13.694436,,,,,,,176,64,35,,,,,0,0,0,,,,,,,,,,,,,,,,,,,,,
,642,,,0,13.702248,,,,,,,176,64,27,,,,,0,0,0,,,,,,,,,,,,,,,,,,,,,
,643,,,0,13.712664,,,,,,,176,64,20,,,,,0,0,0,,,,,,,,,,,,,,,,,,,,,
,644,,,0,13.723080,,,,,,,176,64,12,,,,,0,0,0,,,,,,,,,,,,,,,,,,,,,
,645,,,0,13.733496,,,,,,,176,64,11,,,,,0,0,0,,,,,,,,,,,,,,,,,,,,,
,646,,,0,13.743912,,,,,,,176,64,12,,,,,0,0,0,,,,,,,,,,,,,,,,,,,,,
304,647,1,4307,0,13.743912,0.0,0.0,0,B3,,21,144,59,112,,6008,,,0,0,0,,,,,0,,,,,,,,,,,,,,,,
,648,,,0,13.754328,,,,,,,176,64,11,,,,,0,0,0,,,,,,,,,,,,,,,,,,,,,
,649,,,0,13.764744,,,,,,,176,64,12,,,,,0,0,0,,,,,,,,,,,,,,,,,,,,,
,650,,,0,13.775160,,,,,,,176,64,16,,,,,0,0,0,,,,,,,,,,,,,,,,,,,,,
,651,,,0,13.782972,,,,,,,176,64,19,,,,,0,0,0,,,,,,,,,,,,,,,,,,,,,
,652,,,0,13.793388,,,,,,,176,64,23,,,,,0,0,0,,,,,,,,,,,,,,,,,,,,,
,653,,,0,13.803804,,,,,,,176,64,26,,,,,0,0,0,,,,,,,,,,,,,,,,,,,,,
,654,,,0,13.814220,,,,,,,176,64,29,,,,,0,0,0,,,,,,,,,,,,,,,,,,,,,
,655,,,0,13.822032,,,,,,,176,64,31,,,,,0,0,0,,,,,,,,,,,,,,,,,,,,,
,656,,,0,13.824636,,,,,,,128,63,0,,,,,0,0,0,,,,,,,,,,,,,,,,,,,,,
304,657,1,4308,0,13.827240,0.0,0.0,0,G2,,19,144,43,101,,6008,,,0,0,0,,,,,0,,,,,,,,,,,,,,,,
,658,,,0,13.845468,,,,,,,128,59,0,,,,,0,0,0,,,,,,,,,,,,,,,,,,,,,
,659,,,0,13.853280,,,,,,,176,64,28,,,,,0,0,0,,,,,,,,,,,,,,,,,,,,,
,660,,,0,13.881924,,,,,,,176,64,27,,,,,0,0,0,,,,,,,,,,,,,,,,,,,,,
,661,,,0,13.923588,,,,,,,176,64,28,,,,,0,0,0,,,,,,,,,,,,,,,,,,,,,
,662,,,0,13.928796,,,,,,,128,43,0,,,,,0,0,0,,,,,,,,,,,,,,,,,,,,,
,663,,,0,13.941816,,,,,,,176,64,27,,,,,0,0,0,,,,,,,,,,,,,,,,,,,,,
,664,,,0,13.952232,,,,,,,176,64,29,,,,,0,0,0,,,,,,,,,,,,,,,,,,,,,
304,665,1,4309,0,13.970460,0.0,0.0,0,A1,,16,144,33,85,,6008,,,0,0,0,,,,,0,,,,,,,,,,,,,,,,
,666,,,0,13.983480,,,,,,,176,64,30,,,,,0,0,0,,,,,,,,,,,,,,,,,,,,,
,667,,,0,13.993896,,,,,,,176,64,29,,,,,0,0,0,,,,,,,,,,,,,,,,,,,,,
,668,,,0,14.004312,,,,,,,176,64,31,,,,,0,0,0,,,,,,,,,,,,,,,,,,,,,
,669,,,0,14.012124,,,,,,,176,64,28,,,,,0,0,0,,,,,,,,,,,,,,,,,,,,,
,670,,,0,14.022540,,,,,,,176,64,31,,,,,0,0,0,,,,,,,,,,,,,,,,,,,,,
,671,,,0,14.032956,,,,,,,176,64,29,,,,,0,0,0,,,,,,,,,,,,,,,,,,,,,
,672,,,0,14.051184,,,,,,,128,33,0,,,,,0,0,0,,,,,,,,,,,,,,,,,,,,,
,673,,,0,14.053788,,,,,,,176,64,28,,,,,0,0,0,,,,,,,,,,,,,,,,,,,,,
,674,,,0,14.064204,,,,,,,176,64,31,,,,,0,0,0,,,,,,,,,,,,,,,,,,,,,
,675,,,0,14.095452,,,,,,,176,64,34,,,,,0,0,0,,,,,,,,,,,,,,,,,,,,,
304,676,1,4310,0,14.100660,0.0,0.0,0,D#4,,13,144,63,69,,6008,,,0,0,0,,,,,0,,,,,,,,,,,,,,,,
,677,,,0,14.103264,,,,,,,176,64,35,,,,,0,0,0,,,,,,,,,,,,,,,,,,,,,
304,678,1,4310,0,14.108472,0.0,0.0,0,B3,,13,144,59,69,,6008,,,0,0,0,,,,,0,,,,,,,,,,,,,,,,
304,679,1,4310,0,14.116284,0.0,0.0,0,G2,,13,144,43,69,,6008,,,0,0,0,,,,,0,,,,,,,,,,,,,,,,
,680,,,0,14.131908,,,,,,,176,64,37,,,,,0,0,0,,,,,,,,,,,,,,,,,,,,,
,681,,,0,14.142324,,,,,,,176,64,36,,,,,0,0,0,,,,,,,,,,,,,,,,,,,,,
,682,,,0,14.163156,,,,,,,176,64,37,,,,,0,0,0,,,,,,,,,,,,,,,,,,,,,
,683,,,0,14.173572,,,,,,,176,64,35,,,,,0,0,0,,,,,,,,,,,,,,,,,,,,,
,684,,,0,14.173572,,,,,,,128,59,0,,,,,0,0,0,,,,,,,,,,,,,,,,,,,,,
,685,,,0,14.176176,,,,,,,128,43,0,,,,,0,0,0,,,,,,,,,,,,,,,,,,,,,
,686,,,0,14.183988,,,,,,,176,64,38,,,,,0,0,0,,,,,,,,,,,,,,,,,,,,,
,687,,,0,14.191800,,,,,,,176,64,39,,,,,0,0,0,,,,,,,,,,,,,,,,,,,,,
,688,,,0,14.223048,,,,,,,176,64,41,,,,,0,0,0,,,,,,,,,,,,,,,,,,,,,
,689,,,0,14.228256,,,,,,,128,63,0,,,,,0,0,0,,,,,,,,,,,,,,,,,,,,,
,690,,,0,14.233464,,,,,,,176,64,42,,,,,0,0,0,,,,,,,,,,,,,,,,,,,,,
,691,,,0,14.243880,,,,,,,176,64,43,,,,,0,0,0,,,,,,,,,,,,,,,,,,,,,
,692,,,0,14.272524,,,,,,,176,64,42,,,,,0,0,0,,,,,,,,,,,,,,,,,,,,,
,693,,,0,14.282940,,,,,,,176,64,43,,,,,0,0,0,,,,,,,,,,,,,,,,,,,,,
,694,,,0,14.314188,,,,,,,176,64,46,,,,,0,0,0,,,,,,,,,,,,,,,,,,,,,
304,695,1,4311,0,14.322000,0.0,0.0,0,A0,,10,144,21,53,,6008,,,0,0,0,,,,,0,,,,,,,,,,,,,,,,
,696,,,0,14.322000,,,,,,,176,64,44,,,,,0,0,0,,,,,,,,,,,,,,,,,,,,,
,697,,,0,14.332416,,,,,,,176,64,45,,,,,0,0,0,,,,,,,,,,,,,,,,,,,,,
,698,,,0,14.353248,,,,,,,176,64,46,,,,,0,0,0,,,,,,,,,,,,,,,,,,,,,
,699,,,0,14.363664,,,,,,,176,64,45,,,,,0,0,0,,,,,,,,,,,,,,,,,,,,,
,700,,,0,14.374080,,,,,,,176,64,43,,,,,0,0,0,,,,,,,,,,,,,,,,,,,,,
,701,,,0,14.381892,,,,,,,176,64,45,,,,,0,0,0,,,,,,,,,,,,,,,,,,,,,
,702,,,0,14.392308,,,,,,,176,64,44,,,,,0,0,0,,,,,,,,,,,,,,,,,,,,,
,703,,,0,14.402724,,,,,,,176,64,43,,,,,0,0,0,,,,,,,,,,,,,,,,,,,,,
,704,,,0,14.483448,,,,,,,176,64,41,,,,,0,0,0,,,,,,,,,,,,,,,,,,,,,
,705,,,0,14.493864,,,,,,,176,64,40,,,,,0,0,0,,,,,,,,,,,,,,,,,,,,,
,706,,,0,14.504280,,,,,,,176,64,39,,,,,0,0,0,,,,,,,,,,,,,,,,,,,,,
304,707,1,4312,0,14.504280,0.0,0.0,0,G#4,,7,144,68,37,,6008,,,0,0,0,,,,,0,,,,,,,,,,,,,,,,
,708,,,0,14.506884,,,,,,,128,21,0,,,,,0,0,0,,,,,,,,,,,,,,,,,,,,,
304,709,1,4312,0,14.506884,0.0,0.0,0,G3,,7,144,55,37,,6008,,,0,0,0,,,,,0,,,,,,,,,,,,,,,,
,710,,,0,14.532924,,,,,,,176,64,38,,,,,0,0,0,,,,,,,,,,,,,,,,,,,,,
,711,,,0,14.543340,,,,,,,176,64,35,,,,,0,0,0,,,,,,,,,,,,,,,,,,,,,
,712,,,0,14.553756,,,,,,,176,64,34,,,,,0,0,0,,,,,,,,,,,,,,,,,,,,,
,713,,,0,14.571984,,,,,,,176,64,31,,,,,0,0,0,,,,,,,,,,,,,,,,,,,,,
,714,,,0,14.582400,,,,,,,176,64,30,,,,,0,0,0,,,,,,,,,,,,,,,,,,,,,
,715,,,0,14.592816,,,,,,,176,64,27,,,,,0,0,0,,,,,,,,,,,,,,,,,,,,,
,716,,,0,14.603232,,,,,,,176,64,20,,,,,0,0,0,,,,,,,,,,,,,,,,,,,,,
,717,,,0,14.613648,,,,,,,176,64,18,,,,,0,0,0,,,,,,,,,,,,,,,,,,,,,
,718,,,0,14.624064,,,,,,,176,64,12,,,,,0,0,0,,,,,,,,,,,,,,,,,,,,,
,719,,,0,14.631876,,,,,,,176,64,7,,,,,0,0,0,,,,,,,,,,,,,,,,,,,,,
,720,,,0,14.642292,,,,,,,176,64,4,,,,,0,0,0,,,,,,,,,,,,,,,,,,,,,
