UID,trk,dtick,atick,amicro,type,ch,D0,D1,sci_pitch
    0,  0,         0,         0,         0,tempo,120,bpm,,    
    1,  0,         0,         0,         0, ctl,  0, 64,  3,    
    2,  0,         3,         3,      7812, ctl,  0, 64,  2,    
    3,  0,         4,         7,     18228, ctl,  0, 64,  3,    
    4,  0,        12,        19,     49478, ctl,  0, 64,  2,    
    5,  0,         7,        26,     67707, ctl,  0, 64,  0,    
    6,  0,        20,        46,    119790, ctl,  0, 64,  2,    
    7,  0,         7,        53,    138019, ctl,  0, 64,  3,    
    8,  0,         8,        61,    158852, ctl,  0, 64,  4,    
    9,  0,        15,        76,    197914, ctl,  0, 64,  5,    
   10,  0,         4,        80,    208330, ctl,  0, 64,  4,    
   11,  0,         4,        84,    218746, ctl,  0, 64,  5,    
   12,  0,        92,       176,    458329, ctl,  0, 64,  4,    
   13,  0,        16,       192,    499995, ctl,  0, 64,  5,    
   14,  0,         8,       200,    520828, non,  0, 81, 33,  A5
   15,  0,         0,       200,    520828, non,  0, 75, 24, D#5
   16,  0,         0,       200,    520828, non,  0, 68, 36, G#4
   17,  0,        24,       224,    583328, nof,  0, 68,  0,    
   18,  0,        40,       264,    687494, ctl,  0, 64,  6,    
   19,  0,         4,       268,    697910, ctl,  0, 64,  5,    
   20,  0,        16,       284,    739576, ctl,  0, 64,  4,    
   21,  0,         4,       288,    749992, ctl,  0, 64,  5,    
   22,  0,        15,       303,    789054, ctl,  0, 64,  6,    
   23,  0,         4,       307,    799470, ctl,  0, 64,  5,    
   24,  0,        90,       397,   1033845, non,  0, 50, 58,  D3
   25,  0,        20,       417,   1085928, nof,  0, 50,  0,    
   26,  0,        28,       445,   1158844, ctl,  0, 64,  4,    
   27,  0,        11,       456,   1187489, ctl,  0, 64,  5,    
   28,  0,        16,       472,   1229155, ctl,  0, 64,  6,    
   29,  0,        19,       491,   1278634, ctl,  0, 64,  5,    
   30,  0,        54,       545,   1419259, ctl,  0, 64,  4,    
   31,  0,         7,       552,   1437488, ctl,  0, 64,  5,    
   32,  0,        34,       586,   1526029, non,  0, 78, 78, F#5
   33,  0,        28,       614,   1598945, ctl,  0, 64,  6,    
   34,  0,         4,       618,   1609361, ctl,  0, 64,  8,    
   35,  0,         2,       620,   1614569, non,  0, 33, 87,  A1
   36,  0,         2,       622,   1619777, ctl,  0, 64, 12,    
   37,  0,         3,       625,   1627589, ctl,  0, 64, 20,    
   38,  0,         4,       629,   1638005, ctl,  0, 64, 29,    
   39,  0,         4,       633,   1648421, ctl,  0, 64, 41,    
   40,  0,         4,       637,   1658837, ctl,  0, 64, 54,    
   41,  0,         4,       641,   1669253, ctl,  0, 64, 68,    
   42,  0,         4,       645,   1679669, ctl,  0, 64, 82,    
   43,  0,         2,       647,   1684877, nof,  0, 33,  0,    
   44,  0,         1,       648,   1687481, ctl,  0, 64, 97,    
   45,  0,         3,       651,   1695293, non,  0, 67, 88,  G4
   46,  0,         1,       652,   1697897, ctl,  0, 64,110,    
   47,  0,         4,       656,   1708313, ctl,  0, 64,119,    
   48,  0,         4,       660,   1718729, ctl,  0, 64,124,    
   49,  0,         4,       664,   1729145, ctl,  0, 64,127,    
   50,  0,        24,       688,   1791645, nof,  0, 75,  0,    
   51,  0,        30,       718,   1869770, non,  0, 62, 36,  D4
   52,  0,        13,       731,   1903624, nof,  0, 67,  0,    
   53,  0,         7,       738,   1921853, nof,  0, 62,  0,    
   54,  0,        87,       825,   2148415, ctl,  0, 64,125,    
   55,  0,        12,       837,   2179665, ctl,  0, 64,124,    
   56,  0,         4,       841,   2190081, ctl,  0, 64,125,    
   57,  0,         3,       844,   2197893, ctl,  0, 64,124,    
   58,  0,         4,       848,   2208309, ctl,  0, 64,125,    
   59,  0,         1,       849,   2210913, non,  0, 33, 64,  A1
   60,  0,         3,       852,   2218725, ctl,  0, 64,124,    
   61,  0,         4,       856,   2229141, ctl,  0, 64,125,    
   62,  0,         4,       860,   2239557, ctl,  0, 64,124,    
   63,  0,         5,       865,   2252577, nof,  0, 33,  0,    
   64,  0,        33,       898,   2338514, non,  0, 67, 65,  G4
   65,  0,         2,       900,   2343722, nof,  0, 81,  0,    
   66,  0,        15,       915,   2382784, nof,  0, 67,  0,    
   67,  0,        15,       930,   2421846, nof,  0, 78,  0,    
   68,  0,         3,       933,   2429658, ctl,  0, 64,123,    
   69,  0,         7,       940,   2447887, ctl,  0, 64,122,    
   70,  0,         8,       948,   2468720, ctl,  0, 64,121,    
   71,  0,         2,       950,   2473928, nof,  0, 33,  0,    
   72,  0,        13,       963,   2507782, ctl,  0, 64,120,    
   73,  0,         8,       971,   2528615, ctl,  0, 64,119,    
   74,  0,         4,       975,   2539031, ctl,  0, 64,118,    
   75,  0,         4,       979,   2549447, ctl,  0, 64,116,    
   76,  0,         4,       983,   2559863, ctl,  0, 64,114,    
   77,  0,         3,       986,   2567675, ctl,  0, 64,111,    
   78,  0,         4,       990,   2578091, ctl,  0, 64,106,    
   79,  0,         4,       994,   2588507, ctl,  0, 64,101,    
   80,  0,         4,       998,   2598923, ctl,  0, 64, 95,    
   81,  0,         4,      1002,   2609339, ctl,  0, 64, 87,    
   82,  0,         4,      1006,   2619755, ctl,  0, 64, 78,    
   83,  0,         3,      1009,   2627567, ctl,  0, 64, 68,    
   84,  0,         4,      1013,   2637983, ctl,  0, 64, 58,    
   85,  0,         1,      1014,   2640587, non,  0, 40, 36,  E2
   86,  0,         0,      1014,   2640587, non,  0, 34, 39, A#1
   87,  0,         3,      1017,   2648399, ctl,  0, 64, 48,    
   88,  0,         1,      1018,   2651003, non,  0, 47, 37,  B2
   89,  0,         3,      1021,   2658815, ctl,  0, 64, 38,    
   90,  0,         1,      1022,   2661419, non,  0, 77, 47,  F5
   91,  0,         3,      1025,   2669231, ctl,  0, 64, 30,    
   92,  0,         4,      1029,   2679647, ctl,  0, 64, 23,    
   93,  0,         4,      1033,   2690063, ctl,  0, 64, 18,    
   94,  0,         3,      1036,   2697875, ctl,  0, 64, 14,    
   95,  0,         4,      1040,   2708291, ctl,  0, 64, 13,    
   96,  0,         4,      1044,   2718707, ctl,  0, 64, 12,    
   97,  0,         4,      1048,   2729123, ctl,  0, 64, 11,    
   98,  0,         4,      1052,   2739539, ctl,  0, 64, 13,    
   99,  0,         4,      1056,   2749955, ctl,  0, 64, 14,    
  100,  0,         3,      1059,   2757767, ctl,  0, 64, 16,    
  101,  0,         4,      1063,   2768183, ctl,  0, 64, 20,    
  102,  0,         4,      1067,   2778599, ctl,  0, 64, 26,    
  103,  0,         4,      1071,   2789015, ctl,  0, 64, 32,    
  104,  0,         3,      1074,   2796827, nof,  0, 77,  0,    
  105,  0,         1,      1075,   2799431, ctl,  0, 64, 38,    
  106,  0,         4,      1079,   2809847, ctl,  0, 64, 45,    
  107,  0,         3,      1082,   2817659, ctl,  0, 64, 50,    
  108,  0,         4,      1086,   2828075, ctl,  0, 64, 55,    
  109,  0,         4,      1090,   2838491, ctl,  0, 64, 59,    
  110,  0,         4,      1094,   2848907, ctl,  0, 64, 64,    
  111,  0,         4,      1098,   2859323, ctl,  0, 64, 68,    
  112,  0,         4,      1102,   2869739, ctl,  0, 64, 71,    
  113,  0,         0,      1102,   2869739, non,  0, 94, 50, A#6
  114,  0,         3,      1105,   2877551, ctl,  0, 64, 75,    
  115,  0,         4,      1109,   2887967, ctl,  0, 64, 77,    
  116,  0,         4,      1113,   2898383, ctl,  0, 64, 79,    
  117,  0,         4,      1117,   2908799, ctl,  0, 64, 81,    
  118,  0,         4,      1121,   2919215, ctl,  0, 64, 82,    
  119,  0,         4,      1125,   2929631, ctl,  0, 64, 83,    
  120,  0,         7,      1132,   2947860, ctl,  0, 64, 84,    
  121,  0,         1,      1133,   2950464, nof,  0, 94,  0,    
  122,  0,         3,      1136,   2958276, ctl,  0, 64, 85,    
  123,  0,        62,      1198,   3119734, ctl,  0, 64, 84,    
  124,  0,        53,      1251,   3257754, ctl,  0, 64, 83,    
  125,  0,        15,      1266,   3296816, ctl,  0, 64, 82,    
  126,  0,        23,      1289,   3356711, non,  0,101, 39,  F7
  127,  0,        20,      1309,   3408794, nof,  0,101,  0,    
  128,  0,        50,      1359,   3539002, ctl,  0, 64, 81,    
  129,  0,         3,      1362,   3546814, ctl,  0, 64, 80,    
  130,  0,         4,      1366,   3557230, ctl,  0, 64, 79,    
  131,  0,         4,      1370,   3567646, ctl,  0, 64, 77,    
  132,  0,         4,      1374,   3578062, ctl,  0, 64, 74,    
  133,  0,         4,      1378,   3588478, ctl,  0, 64, 71,    
  134,  0,         4,      1382,   3598894, ctl,  0, 64, 69,    
  135,  0,         3,      1385,   3606706, ctl,  0, 64, 66,    
  136,  0,         4,      1389,   3617122, ctl,  0, 64, 62,    
  137,  0,         4,      1393,   3627538, ctl,  0, 64, 60,    
  138,  0,         4,      1397,   3637954, ctl,  0, 64, 57,    
  139,  0,         4,      1401,   3648370, ctl,  0, 64, 54,    
  140,  0,         4,      1405,   3658786, ctl,  0, 64, 52,    
  141,  0,         0,      1405,   3658786, non,  0, 78, 53, F#5
  142,  0,         3,      1408,   3666598, ctl,  0, 64, 51,    
  143,  0,         4,      1412,   3677014, non,  0, 75, 40, D#5
  144,  0,         4,      1416,   3687430, ctl,  0, 64, 52,    
  145,  0,         4,      1420,   3697846, ctl,  0, 64, 53,    
  146,  0,         4,      1424,   3708262, ctl,  0, 64, 55,    
  147,  0,         4,      1428,   3718678, ctl,  0, 64, 57,    
  148,  0,         3,      1431,   3726490, ctl,  0, 64, 59,    
  149,  0,         4,      1435,   3736906, ctl,  0, 64, 62,    
  150,  0,         4,      1439,   3747322, ctl,  0, 64, 64,    
  151,  0,         4,      1443,   3757738, ctl,  0, 64, 66,    
  152,  0,         4,      1447,   3768154, ctl,  0, 64, 69,    
  153,  0,         4,      1451,   3778570, ctl,  0, 64, 71,    
  154,  0,         4,      1455,   3788986, ctl,  0, 64, 73,    
  155,  0,         3,      1458,   3796798, ctl,  0, 64, 76,    
  156,  0,         4,      1462,   3807214, ctl,  0, 64, 77,    
  157,  0,         4,      1466,   3817630, ctl,  0, 64, 79,    
  158,  0,         4,      1470,   3828046, ctl,  0, 64, 81,    
  159,  0,         4,      1474,   3838462, ctl,  0, 64, 83,    
  160,  0,         1,      1475,   3841066, nof,  0, 75,  0,    
  161,  0,         3,      1478,   3848878, ctl,  0, 64, 85,    
  162,  0,         3,      1481,   3856690, ctl,  0, 64, 87,    
  163,  0,         2,      1483,   3861898, nof,  0, 78,  0,    
  164,  0,         2,      1485,   3867106, ctl,  0, 64, 89,    
  165,  0,         4,      1489,   3877522, ctl,  0, 64, 90,    
  166,  0,         8,      1497,   3898355, ctl,  0, 64, 91,    
  167,  0,         7,      1504,   3916584, ctl,  0, 64, 92,    
  168,  0,         4,      1508,   3927000, ctl,  0, 64, 94,    
  169,  0,         4,      1512,   3937416, ctl,  0, 64, 95,    
  170,  0,         4,      1516,   3947832, ctl,  0, 64, 96,    
  171,  0,        11,      1527,   3976477, ctl,  0, 64, 97,    
  172,  0,        47,      1574,   4098872, nof,  0, 47,  0,    
  173,  0,        15,      1589,   4137934, nof,  0, 40,  0,    
  174,  0,        18,      1607,   4184809, nof,  0, 34,  0,    
  175,  0,        63,      1670,   4348871, ctl,  0, 64, 96,    
  176,  0,         3,      1673,   4356683, ctl,  0, 64, 95,    
  177,  0,         4,      1677,   4367099, ctl,  0, 64, 94,    
  178,  0,         4,      1681,   4377515, ctl,  0, 64, 93,    
  179,  0,         4,      1685,   4387931, ctl,  0, 64, 91,    
  180,  0,         4,      1689,   4398347, ctl,  0, 64, 89,    
  181,  0,         4,      1693,   4408763, ctl,  0, 64, 85,    
  182,  0,         3,      1696,   4416575, ctl,  0, 64, 80,    
  183,  0,         4,      1700,   4426991, ctl,  0, 64, 73,    
  184,  0,         4,      1704,   4437407, ctl,  0, 64, 65,    
  185,  0,         1,      1705,   4440011, non,  0, 59, 35,  B3
  186,  0,         3,      1708,   4447823, ctl,  0, 64, 56,    
  187,  0,         4,      1712,   4458239, ctl,  0, 64, 46,    
  188,  0,         4,      1716,   4468655, ctl,  0, 64, 37,    
  189,  0,         3,      1719,   4476467, ctl,  0, 64, 29,    
  190,  0,         4,      1723,   4486883, ctl,  0, 64, 25,    
  191,  0,         4,      1727,   4497299, ctl,  0, 64, 23,    
  192,  0,         4,      1731,   4507715, ctl,  0, 64, 26,    
  193,  0,         4,      1735,   4518131, ctl,  0, 64, 31,    
  194,  0,         4,      1739,   4528547, ctl,  0, 64, 38,    
  195,  0,         3,      1742,   4536359, non,  0, 68, 47, G#4
  196,  0,         1,      1743,   4538963, ctl,  0, 64, 44,    
  197,  0,         3,      1746,   4546775, ctl,  0, 64, 51,    
  198,  0,         4,      1750,   4557191, ctl,  0, 64, 57,    
  199,  0,         3,      1753,   4565003, nof,  0, 59,  0,    
  200,  0,         1,      1754,   4567607, ctl,  0, 64, 62,    
  201,  0,         4,      1758,   4578023, ctl,  0, 64, 68,    
  202,  0,         3,      1761,   4585835, nof,  0, 68,  0,    
  203,  0,         1,      1762,   4588439, ctl,  0, 64, 73,    
  204,  0,         4,      1766,   4598855, ctl,  0, 64, 77,    
  205,  0,         3,      1769,   4606667, ctl,  0, 64, 80,    
  206,  0,         4,      1773,   4617083, ctl,  0, 64, 83,    
  207,  0,         4,      1777,   4627499, ctl,  0, 64, 84,    
  208,  0,         8,      1785,   4648332, ctl,  0, 64, 85,    
  209,  0,         4,      1789,   4658748, ctl,  0, 64, 84,    
  210,  0,         3,      1792,   4666560, ctl,  0, 64, 83,    
  211,  0,         4,      1796,   4676976, ctl,  0, 64, 82,    
  212,  0,         4,      1800,   4687392, ctl,  0, 64, 81,    
  213,  0,         4,      1804,   4697808, ctl,  0, 64, 79,    
  214,  0,         4,      1808,   4708224, ctl,  0, 64, 78,    
  215,  0,         0,      1808,   4708224, non,  0, 24, 33,  C1
  216,  0,         4,      1812,   4718640, ctl,  0, 64, 76,    
  217,  0,         7,      1819,   4736869, non,  0, 37, 36, C#2
  218,  0,         0,      1819,   4736869, ctl,  0, 64, 74,    
  219,  0,         4,      1823,   4747285, non,  0, 69, 41,  A4
  220,  0,         2,      1825,   4752493, non,  0, 82, 42, A#5
  221,  0,         2,      1827,   4757701, ctl,  0, 64, 73,    
  222,  0,         4,      1831,   4768117, ctl,  0, 64, 71,    
  223,  0,         4,      1835,   4778533, ctl,  0, 64, 69,    
  224,  0,         3,      1838,   4786345, nof,  0, 24,  0,    
  225,  0,         1,      1839,   4788949, ctl,  0, 64, 67,    
  226,  0,         3,      1842,   4796761, ctl,  0, 64, 65,    
  227,  0,         4,      1846,   4807177, ctl,  0, 64, 62,    
  228,  0,         4,      1850,   4817593, ctl,  0, 64, 60,    
  229,  0,         2,      1852,   4822801, nof,  0, 37,  0,    
  230,  0,         2,      1854,   4828009, ctl,  0, 64, 58,    
  231,  0,         4,      1858,   4838425, ctl,  0, 64, 56,    
  232,  0,         4,      1862,   4848841, ctl,  0, 64, 54,    
  233,  0,         3,      1865,   4856653, ctl,  0, 64, 53,    
  234,  0,         3,      1868,   4864465, non,  0, 69, 12,  A4
  235,  0,         1,      1869,   4867069, ctl,  0, 64, 52,    
  236,  0,         4,      1873,   4877485, ctl,  0, 64, 51,    
  237,  0,        24,      1897,   4939985, non,  0, 35, 28,  B1
  238,  0,        11,      1908,   4968630, ctl,  0, 64, 50,    
  239,  0,         8,      1916,   4989463, non,  0, 37, 36, C#2
  240,  0,         7,      1923,   5007692, ctl,  0, 64, 49,    
  241,  0,         8,      1931,   5028525, ctl,  0, 64, 48,    
  242,  0,         4,      1935,   5038941, nof,  0, 35,  0,    
  243,  0,         3,      1938,   5046753, ctl,  0, 64, 47,    
  244,  0,         4,      1942,   5057169, ctl,  0, 64, 46,    
  245,  0,         8,      1950,   5078002, ctl,  0, 64, 45,    
  246,  0,        11,      1961,   5106647, ctl,  0, 64, 44,    
  247,  0,        16,      1977,   5148313, non,  0, 35, 44,  B1
  248,  0,         4,      1981,   5158729, ctl,  0, 64, 45,    
  249,  0,         0,      1981,   5158729, nof,  0, 37,  0,    
  250,  0,         3,      1984,   5166541, ctl,  0, 64, 47,    
  251,  0,         4,      1988,   5176957, ctl,  0, 64, 50,    
  252,  0,         4,      1992,   5187373, ctl,  0, 64, 53,    
  253,  0,         4,      1996,   5197789, ctl,  0, 64, 57,    
  254,  0,         4,      2000,   5208205, ctl,  0, 64, 61,    
  255,  0,         4,      2004,   5218621, ctl,  0, 64, 65,    
  256,  0,         4,      2008,   5229037, ctl,  0, 64, 69,    
  257,  0,         3,      2011,   5236849, ctl,  0, 64, 72,    
  258,  0,         4,      2015,   5247265, ctl,  0, 64, 73,    
  259,  0,         3,      2018,   5255077, nof,  0, 35,  0,    
  260,  0,         1,      2019,   5257681, ctl,  0, 64, 74,    
  261,  0,         4,      2023,   5268097, ctl,  0, 64, 75,    
  262,  0,         3,      2026,   5275909, nof,  0, 69,  0,    
  263,  0,         1,      2027,   5278513, nof,  0, 69,  0,    
  264,  0,        18,      2045,   5325388, nof,  0, 82,  0,    
  265,  0,        27,      2072,   5395700, non,  0, 57, 59,  A3
  266,  0,        18,      2090,   5442575, nof,  0, 57,  0,    
  267,  0,        10,      2100,   5468616, ctl,  0, 64, 74,    
  268,  0,        23,      2123,   5528511, ctl,  0, 64, 73,    
  269,  0,        30,      2153,   5606636, ctl,  0, 64, 72,    
  270,  0,        12,      2165,   5637886, ctl,  0, 64, 73,    
  271,  0,         6,      2171,   5653511, non,  0, 88, 41,  E6
  272,  0,         5,      2176,   5666531, ctl,  0, 64, 72,    
  273,  0,        16,      2192,   5708197, ctl,  0, 64, 71,    
  274,  0,         2,      2194,   5713405, nof,  0, 88,  0,    
  275,  0,         2,      2196,   5718613, ctl,  0, 64, 70,    
  276,  0,         4,      2200,   5729029, ctl,  0, 64, 68,    
  277,  0,         7,      2207,   5747258, ctl,  0, 64, 67,    
  278,  0,         2,      2209,   5752466, non,  0, 24, 44,  C1
  279,  0,         2,      2211,   5757674, ctl,  0, 64, 66,    
  280,  0,         8,      2219,   5778507, ctl,  0, 64, 65,    
  281,  0,         4,      2223,   5788923, ctl,  0, 64, 64,    
  282,  0,         3,      2226,   5796735, ctl,  0, 64, 63,    
  283,  0,         2,      2228,   5801943, non,  0, 88, 43,  E6
  284,  0,         2,      2230,   5807151, ctl,  0, 64, 61,    
  285,  0,         4,      2234,   5817567, ctl,  0, 64, 59,    
  286,  0,         4,      2238,   5827983, ctl,  0, 64, 56,    
  287,  0,         4,      2242,   5838399, ctl,  0, 64, 54,    
  288,  0,         4,      2246,   5848815, ctl,  0, 64, 51,    
  289,  0,         3,      2249,   5856627, ctl,  0, 64, 50,    
  290,  0,         4,      2253,   5867043, ctl,  0, 64, 48,    
  291,  0,        12,      2265,   5898293, ctl,  0, 64, 49,    
  292,  0,         5,      2270,   5911313, non,  0, 82, 49, A#5
  293,  0,         6,      2276,   5926938, ctl,  0, 64, 50,    
  294,  0,         4,      2280,   5937354, ctl,  0, 64, 51,    
  295,  0,         4,      2284,   5947770, ctl,  0, 64, 52,    
  296,  0,         4,      2288,   5958186, ctl,  0, 64, 55,    
  297,  0,         4,      2292,   5968602, ctl,  0, 64, 57,    
  298,  0,         4,      2296,   5979018, ctl,  0, 64, 60,    
  299,  0,         3,      2299,   5986830, ctl,  0, 64, 64,    
  300,  0,         2,      2301,   5992038, nof,  0, 24,  0,    
  301,  0,         2,      2303,   5997246, ctl,  0, 64, 68,    
  302,  0,         2,      2305,   6002454, nof,  0, 88,  0,    
  303,  0,         2,      2307,   6007662, ctl,  0, 64, 71,    
  304,  0,         4,      2311,   6018078, ctl,  0, 64, 74,    
  305,  0,         3,      2314,   6025890, nof,  0, 82,  0,    
  306,  0,         1,      2315,   6028494, ctl,  0, 64, 76,    
  307,  0,         4,      2319,   6038910, ctl,  0, 64, 77,    
  308,  0,         3,      2322,   6046722, ctl,  0, 64, 78,    
  309,  0,        12,      2334,   6077972, ctl,  0, 64, 79,    
  310,  0,        15,      2349,   6117034, ctl,  0, 64, 78,    
  311,  0,        31,      2380,   6197763, ctl,  0, 64, 77,    
  312,  0,         8,      2388,   6218596, ctl,  0, 64, 76,    
  313,  0,        15,      2403,   6257658, ctl,  0, 64, 75,    
  314,  0,        15,      2418,   6296720, ctl,  0, 64, 74,    
  315,  0,        16,      2434,   6338386, non,  0, 81, 36,  A5
  316,  0,        34,      2468,   6426927, non,  0, 54, 49, F#3
  317,  0,         4,      2472,   6437343, ctl,  0, 64, 75,    
  318,  0,        12,      2484,   6468593, ctl,  0, 64, 74,    
  319,  0,         9,      2493,   6492030, nof,  0, 54,  0,    
  320,  0,        28,      2521,   6564946, nof,  0, 81,  0,    
  321,  0,        14,      2535,   6601404, non,  0, 80, 29, G#5
  322,  0,        72,      2607,   6788904, ctl,  0, 64, 73,    
  323,  0,         3,      2610,   6796716, ctl,  0, 64, 72,    
  324,  0,         4,      2614,   6807132, ctl,  0, 64, 70,    
  325,  0,         4,      2618,   6817548, ctl,  0, 64, 66,    
  326,  0,         2,      2620,   6822756, non,  0, 81, 44,  A5
  327,  0,         2,      2622,   6827964, ctl,  0, 64, 63,    
  328,  0,         1,      2623,   6830568, nof,  0, 80,  0,    
  329,  0,         1,      2624,   6833172, non,  0, 38, 36,  D2
  330,  0,         0,      2624,   6833172, non,  0, 25, 29, C#1
  331,  0,         2,      2626,   6838380, ctl,  0, 64, 58,    
  332,  0,         4,      2630,   6848796, ctl,  0, 64, 53,    
  333,  0,         3,      2633,   6856608, ctl,  0, 64, 48,    
  334,  0,         4,      2637,   6867024, ctl,  0, 64, 43,    
  335,  0,         4,      2641,   6877440, ctl,  0, 64, 36,    
  336,  0,         4,      2645,   6887856, ctl,  0, 64, 29,    
  337,  0,         4,      2649,   6898272, ctl,  0, 64, 22,    
  338,  0,         4,      2653,   6908688, ctl,  0, 64, 15,    
  339,  0,         4,      2657,   6919104, ctl,  0, 64, 10,    
  340,  0,         3,      2660,   6926916, ctl,  0, 64,  7,    
  341,  0,         4,      2664,   6937332, ctl,  0, 64,  6,    
  342,  0,         5,      2669,   6950352, non,  0, 80, 45, G#5
  343,  0,         3,      2672,   6958164, ctl,  0, 64,  8,    
  344,  0,         4,      2676,   6968580, ctl,  0, 64, 12,    
  345,  0,         4,      2680,   6978996, ctl,  0, 64, 16,    
  346,  0,         3,      2683,   6986808, ctl,  0, 64, 23,    
  347,  0,         4,      2687,   6997224, ctl,  0, 64, 30,    
  348,  0,         4,      2691,   7007640, ctl,  0, 64, 36,    
  349,  0,         4,      2695,   7018056, ctl,  0, 64, 41,    
  350,  0,         4,      2699,   7028472, ctl,  0, 64, 46,    
  351,  0,         4,      2703,   7038888, ctl,  0, 64, 49,    
  352,  0,         4,      2707,   7049304, ctl,  0, 64, 51,    
  353,  0,         3,      2710,   7057116, ctl,  0, 64, 54,    
  354,  0,         4,      2714,   7067532, ctl,  0, 64, 57,    
  355,  0,         4,      2718,   7077948, ctl,  0, 64, 59,    
  356,  0,         2,      2720,   7083156, nof,  0, 81,  0,    
  357,  0,         2,      2722,   7088364, ctl,  0, 64, 61,    
  358,  0,         4,      2726,   7098780, ctl,  0, 64, 63,    
  359,  0,         3,      2729,   7106592, ctl,  0, 64, 64,    
  360,  0,         4,      2733,   7117008, ctl,  0, 64, 65,    
  361,  0,         5,      2738,   7130028, non,  0, 36, 44,  C2
  362,  0,         3,      2741,   7137840, non,  0, 69, 25,  A4
  363,  0,         0,      2741,   7137840, ctl,  0, 64, 66,    
  364,  0,         2,      2743,   7143048, nof,  0, 80,  0,    
  365,  0,         8,      2751,   7163881, nof,  0, 25,  0,    
  366,  0,        41,      2792,   7270651, nof,  0, 69,  0,    
  367,  0,        11,      2803,   7299296, non,  0, 76, 43,  E5
  368,  0,        11,      2814,   7327941, ctl,  0, 64, 67,    
  369,  0,        11,      2825,   7356586, ctl,  0, 64, 68,    
  370,  0,         4,      2829,   7367002, ctl,  0, 64, 69,    
  371,  0,         8,      2837,   7387835, ctl,  0, 64, 70,    
  372,  0,        10,      2847,   7413876, nof,  0, 38,  0,    
  373,  0,         5,      2852,   7426896, ctl,  0, 64, 71,    
  374,  0,         4,      2856,   7437312, ctl,  0, 64, 70,    
  375,  0,         1,      2857,   7439916, nof,  0, 36,  0,    
  376,  0,        10,      2867,   7465957, nof,  0, 76,  0,    
  377,  0,        10,      2877,   7491998, non,  0, 68, 44, G#4
  378,  0,        18,      2895,   7538873, ctl,  0, 64, 71,    
  379,  0,         4,      2899,   7549289, ctl,  0, 64, 70,    
  380,  0,         3,      2902,   7557101, ctl,  0, 64, 71,    
  381,  0,         1,      2903,   7559705, nof,  0, 68,  0,    
  382,  0,         3,      2906,   7567517, ctl,  0, 64, 70,    
  383,  0,         2,      2908,   7572725, non,  0, 76, 31,  E5
  384,  0,        17,      2925,   7616995, ctl,  0, 64, 69,    
  385,  0,        16,      2941,   7658661, ctl,  0, 64, 68,    
  386,  0,         9,      2950,   7682098, non,  0, 68, 46, G#4
  387,  0,         2,      2952,   7687306, ctl,  0, 64, 67,    
  388,  0,         7,      2959,   7705535, nof,  0, 76,  0,    
  389,  0,         9,      2968,   7728972, ctl,  0, 64, 66,    
  390,  0,         7,      2975,   7747201, ctl,  0, 64, 65,    
  391,  0,         8,      2983,   7768034, ctl,  0, 64, 64,    
  392,  0,         4,      2987,   7778450, ctl,  0, 64, 63,    
  393,  0,         5,      2992,   7791470, non,  0, 38, 32,  D2
  394,  0,         2,      2994,   7796678, ctl,  0, 64, 62,    
  395,  0,         4,      2998,   7807094, ctl,  0, 64, 61,    
  396,  0,         3,      3001,   7814906, nof,  0, 68,  0,    
  397,  0,         4,      3005,   7825322, non,  0, 76, 50,  E5
  398,  0,         1,      3006,   7827926, ctl,  0, 64, 60,    
  399,  0,        11,      3017,   7856571, ctl,  0, 64, 59,    
  400,  0,         8,      3025,   7877404, ctl,  0, 64, 58,    
  401,  0,         8,      3033,   7898237, ctl,  0, 64, 57,    
  402,  0,         0,      3033,   7898237, non,  0, 68, 49, G#4
  403,  0,         1,      3034,   7900841, nof,  0, 76,  0,    
  404,  0,        22,      3056,   7958132, nof,  0, 68,  0,    
  405,  0,        18,      3074,   8005007, non,  0, 42, 47, F#2
  406,  0,        19,      3093,   8054486, non,  0, 69, 40,  A4
  407,  0,         2,      3095,   8059694, nof,  0, 38,  0,    
  408,  0,         5,      3100,   8072714, nof,  0, 42,  0,    
  409,  0,        20,      3120,   8124797, non,  0, 77, 53,  F5
  410,  0,        20,      3140,   8176880, nof,  0, 69,  0,    
  411,  0,         1,      3141,   8179484, ctl,  0, 64, 56,    
  412,  0,         3,      3144,   8187296, ctl,  0, 64, 57,    
  413,  0,        11,      3155,   8215941, non,  0, 68, 37, G#4
  414,  0,         6,      3161,   8231566, nof,  0, 77,  0,    
  415,  0,        29,      3190,   8307086, non,  0, 66, 44, F#4
  416,  0,         6,      3196,   8322711, nof,  0, 68,  0,    
  417,  0,        33,      3229,   8408648, ctl,  0, 64, 58,    
  418,  0,         4,      3233,   8419064, ctl,  0, 64, 59,    
  419,  0,         2,      3235,   8424272, non,  0, 69, 40,  A4
  420,  0,         3,      3238,   8432084, non,  0, 56, 59, G#3
  421,  0,         2,      3240,   8437292, ctl,  0, 64, 60,    
  422,  0,         4,      3244,   8447708, ctl,  0, 64, 61,    
  423,  0,         8,      3252,   8468541, ctl,  0, 64, 62,    
  424,  0,         0,      3252,   8468541, non,  0, 76, 44,  E5
  425,  0,         3,      3255,   8476353, nof,  0, 66,  0,    
  426,  0,         1,      3256,   8478957, nof,  0, 56,  0,    
  427,  0,         0,      3256,   8478957, ctl,  0, 64, 63,    
  428,  0,         3,      3259,   8486769, ctl,  0, 64, 64,    
  429,  0,        27,      3286,   8557081, ctl,  0, 64, 65,    
  430,  0,         7,      3293,   8575310, non,  0, 68, 44, G#4
  431,  0,         1,      3294,   8577914, nof,  0, 76,  0,    
  432,  0,         4,      3298,   8588330, ctl,  0, 64, 66,    
  433,  0,         3,      3301,   8596142, nof,  0, 69,  0,    
  434,  0,        12,      3313,   8627392, nof,  0, 68,  0,    
  435,  0,         0,      3313,   8627392, ctl,  0, 64, 67,    
  436,  0,         8,      3321,   8648225, ctl,  0, 64, 68,    
  437,  0,         4,      3325,   8658641, ctl,  0, 64, 69,    
  438,  0,         2,      3327,   8663849, non,  0, 26, 52,  D1
  439,  0,         2,      3329,   8669057, ctl,  0, 64, 70,    
  440,  0,         3,      3332,   8676869, ctl,  0, 64, 72,    
  441,  0,         4,      3336,   8687285, ctl,  0, 64, 73,    
  442,  0,        16,      3352,   8728951, ctl,  0, 64, 74,    
  443,  0,         6,      3358,   8744576, nof,  0, 26,  0,    
  444,  0,        13,      3371,   8778430, non,  0, 42, 65, F#2
  445,  0,        19,      3390,   8827909, nof,  0, 42,  0,    
  446,  0,         4,      3394,   8838325, ctl,  0, 64, 73,    
  447,  0,         4,      3398,   8848741, ctl,  0, 64, 71,    
  448,  0,         2,      3400,   8853949, non,  0, 57, 56,  A3
  449,  0,         2,      3402,   8859157, ctl,  0, 64, 69,    
  450,  0,         3,      3405,   8866969, ctl,  0, 64, 67,    
  451,  0,         4,      3409,   8877385, ctl,  0, 64, 64,    
  452,  0,         4,      3413,   8887801, ctl,  0, 64, 60,    
  453,  0,         4,      3417,   8898217, ctl,  0, 64, 56,    
  454,  0,         4,      3421,   8908633, ctl,  0, 64, 52,    
  455,  0,         4,      3425,   8919049, ctl,  0, 64, 47,    
  456,  0,         1,      3426,   8921653, nof,  0, 30,  0,    
  457,  0,         2,      3428,   8926861, ctl,  0, 64, 42,    
  458,  0,         4,      3432,   8937277, ctl,  0, 64, 35,    
  459,  0,         4,      3436,   8947693, ctl,  0, 64, 28,    
  460,  0,         4,      3440,   8958109, ctl,  0, 64, 21,    
  461,  0,         4,      3444,   8968525, ctl,  0, 64, 14,    
  462,  0,         4,      3448,   8978941, ctl,  0, 64,  9,    
  463,  0,         3,      3451,   8986753, ctl,  0, 64,  7,    
  464,  0,         4,      3455,   8997169, ctl,  0, 64,  5,    
  465,  0,         8,      3463,   9018002, ctl,  0, 64,  4,    
  466,  0,         1,      3464,   9020606, ctl,  0, 66,127,    
  467,  0,         3,      3467,   9028418, ctl,  0, 64,  3,    
  468,  0,         4,      3471,   9038834, ctl,  0, 64,  2,    
  469,  0,         3,      3474,   9046646, ctl,  0, 64,  0,    
  470,  0,        15,      3489,   9085708, non,  0, 24, 33,  C1
  471,  0,         2,      3491,   9090916, non,  0, 62, 43,  D4
  472,  0,         1,      3492,   9093520, non,  0, 52, 39,  E3
  473,  0,         6,      3498,   9109145, nof,  0, 57,  0,    
  474,  0,         1,      3499,   9111749, non,  0, 59, 32,  B3
  475,  0,        49,      3548,   9239353, non,  0, 36, 27,  C2
  476,  0,        26,      3574,   9307061, ctl,  0, 64,  2,    
  477,  0,         4,      3578,   9317477, ctl,  0, 64,  4,    
  478,  0,         4,      3582,   9327893, ctl,  0, 64,  5,    
  479,  0,         1,      3583,   9330497, nof,  0, 59,  0,    
  480,  0,         3,      3586,   9338309, ctl,  0, 64,  8,    
  481,  0,         4,      3590,   9348725, ctl,  0, 64, 10,    
  482,  0,         3,      3593,   9356537, nof,  0, 62,  0,    
  483,  0,         1,      3594,   9359141, ctl,  0, 64, 14,    
  484,  0,         4,      3598,   9369557, ctl,  0, 64, 19,    
  485,  0,         3,      3601,   9377369, ctl,  0, 64, 24,    
  486,  0,         4,      3605,   9387785, ctl,  0, 64, 30,    
  487,  0,         4,      3609,   9398201, ctl,  0, 64, 35,    
  488,  0,         4,      3613,   9408617, ctl,  0, 64, 40,    
  489,  0,         4,      3617,   9419033, ctl,  0, 64, 43,    
  490,  0,         3,      3620,   9426845, ctl,  0, 64, 46,    
  491,  0,         4,      3624,   9437261, ctl,  0, 64, 47,    
  492,  0,         4,      3628,   9447677, ctl,  0, 64, 49,    
  493,  0,         4,      3632,   9458093, ctl,  0, 64, 51,    
  494,  0,         4,      3636,   9468509, ctl,  0, 64, 52,    
  495,  0,         4,      3640,   9478925, ctl,  0, 64, 54,    
  496,  0,         3,      3643,   9486737, ctl,  0, 64, 56,    
  497,  0,         4,      3647,   9497153, ctl,  0, 64, 58,    
  498,  0,         4,      3651,   9507569, ctl,  0, 64, 60,    
  499,  0,         4,      3655,   9517985, ctl,  0, 64, 63,    
  500,  0,         4,      3659,   9528401, ctl,  0, 64, 65,    
  501,  0,         1,      3660,   9531005, non,  0, 45, 45,  A2
  502,  0,         3,      3663,   9538817, ctl,  0, 64, 68,    
  503,  0,         4,      3667,   9549233, ctl,  0, 64, 70,    
  504,  0,         2,      3669,   9554441, nof,  0, 24,  0,    
  505,  0,         1,      3670,   9557045, ctl,  0, 64, 73,    
  506,  0,         2,      3672,   9562253, nof,  0, 36,  0,    
  507,  0,         2,      3674,   9567461, ctl,  0, 64, 76,    
  508,  0,         4,      3678,   9577877, ctl,  0, 64, 78,    
  509,  0,         1,      3679,   9580481, nof,  0, 52,  0,    
  510,  0,         3,      3682,   9588293, ctl,  0, 64, 80,    
  511,  0,         4,      3686,   9598709, ctl,  0, 64, 82,    
  512,  0,         4,      3690,   9609125, ctl,  0, 64, 84,    
  513,  0,         2,      3692,   9614333, nof,  0, 45,  0,    
  514,  0,         1,      3693,   9616937, ctl,  0, 64, 86,    
  515,  0,         4,      3697,   9627353, ctl,  0, 64, 88,    
  516,  0,         4,      3701,   9637769, ctl,  0, 64, 89,    
  517,  0,         4,      3705,   9648185, ctl,  0, 64, 90,    
  518,  0,         8,      3713,   9669018, ctl,  0, 64, 91,    
  519,  0,        65,      3778,   9838288, ctl,  0, 64, 90,    
  520,  0,        15,      3793,   9877350, ctl,  0, 64, 89,    
  521,  0,         8,      3801,   9898183, ctl,  0, 64, 88,    
  522,  0,        47,      3848,  10020578, non,  0, 45, 29,  A2
  523,  0,         4,      3852,  10030994, non,  0, 79, 38,  G5
  524,  0,        47,      3899,  10153389, nof,  0, 45,  0,    
  525,  0,         6,      3905,  10169014, ctl,  0, 64, 87,    
  526,  0,        20,      3925,  10221097, non,  0, 46, 44, A#2
  527,  0,        18,      3943,  10267972, ctl,  0, 64, 88,    
  528,  0,        24,      3967,  10330472, nof,  0, 79,  0,    
  529,  0,        15,      3982,  10369534, nof,  0, 46,  0,    
  530,  0,        25,      4007,  10434638, non,  0, 73, 40, C#5
  531,  0,        33,      4040,  10520575, nof,  0, 73,  0,    
  532,  0,        25,      4065,  10585679, non,  0, 46, 38, A#2
  533,  0,         1,      4066,  10588283, non,  0, 53, 43,  F3
  534,  0,         9,      4075,  10611720, non,  0, 73, 51, C#5
  535,  0,        13,      4088,  10645574, nof,  0, 46,  0,    
  536,  0,         1,      4089,  10648178, nof,  0, 53,  0,    
  537,  0,        48,      4137,  10773178, non,  0, 33, 67,  A1
  538,  0,        33,      4170,  10859115, nof,  0, 73,  0,    
  539,  0,         2,      4172,  10864323, nof,  0, 33,  0,    
  540,  0,         9,      4181,  10887760, non,  0, 81, 54,  A5
  541,  0,        32,      4213,  10971093, nof,  0, 81,  0,    
  542,  0,         0,      4213,  10971093, non,  0, 73, 72, C#5
  543,  0,        10,      4223,  10997134, ctl,  0, 64, 87,    
  544,  0,         4,      4227,  11007550, ctl,  0, 64, 85,    
  545,  0,         4,      4231,  11017966, ctl,  0, 64, 82,    
  546,  0,         4,      4235,  11028382, ctl,  0, 64, 77,    
  547,  0,         1,      4236,  11030986, non,  0, 79, 93,  G5
  548,  0,         3,      4239,  11038798, ctl,  0, 64, 71,    
  549,  0,         4,      4243,  11049214, ctl,  0, 64, 63,    
  550,  0,         3,      4246,  11057026, ctl,  0, 64, 51,    
  551,  0,         3,      4249,  11064838, nof,  0, 73,  0,    
  552,  0,         1,      4250,  11067442, ctl,  0, 64, 36,    
  553,  0,         4,      4254,  11077858, ctl,  0, 64, 24,    
  554,  0,         4,      4258,  11088274, ctl,  0, 64, 13,    
  555,  0,         4,      4262,  11098690, ctl,  0, 64,  4,    
  556,  0,         3,      4265,  11106502, nof,  0, 79,  0,    
  557,  0,         1,      4266,  11109106, ctl,  0, 64,  0,    
  558,  0,        84,      4350,  11327856, non,  0, 34, 77, A#1
  559,  0,         0,      4350,  11327856, non,  0, 37, 75, C#2
  560,  0,        48,      4398,  11452856, non,  0, 35, 59,  B1
  561,  0,        16,      4414,  11494522, nof,  0, 37,  0,    
  562,  0,        35,      4449,  11585667, nof,  0, 35,  0,    
  563,  0,        19,      4468,  11635146, non,  0, 74, 57,  D5
  564,  0,        43,      4511,  11747125, nof,  0, 74,  0,    
  565,  0,         3,      4514,  11754937, non,  0, 89, 65,  F6
  566,  0,        30,      4544,  11833062, nof,  0, 89,  0,    
  567,  0,       144,      4688,  12208062, non,  0, 62, 40,  D4
  568,  0,        20,      4708,  12260145, nof,  0, 62,  0,    
  569,  0,        31,      4739,  12340874, non,  0, 36, 24,  C2
  570,  0,        27,      4766,  12411186, nof,  0, 36,  0,    
  571,  0,        68,      4834,  12588269, non,  0, 52, 11,  E3
  572,  0,         0,      4834,  12588269, non,  0, 59, 50,  B3
  573,  0,         5,      4839,  12601289, non,  0, 24, 37,  C1
  574,  0,         1,      4840,  12603893, non,  0, 46, 27, A#2
  575,  0,         2,      4842,  12609101, ctl,  0, 64,  3,    
  576,  0,         3,      4845,  12616913, ctl,  0, 64,  7,    
  577,  0,         4,      4849,  12627329, ctl,  0, 64, 12,    
  578,  0,         4,      4853,  12637745, ctl,  0, 64, 20,    
  579,  0,         4,      4857,  12648161, ctl,  0, 64, 28,    
  580,  0,         4,      4861,  12658577, ctl,  0, 64, 36,    
  581,  0,         4,      4865,  12668993, ctl,  0, 64, 44,    
  582,  0,         3,      4868,  12676805, ctl,  0, 64, 50,    
  583,  0,         4,      4872,  12687221, ctl,  0, 64, 57,    
  584,  0,         4,      4876,  12697637, ctl,  0, 64, 64,    
  585,  0,         4,      4880,  12708053, ctl,  0, 64, 72,    
  586,  0,         4,      4884,  12718469, ctl,  0, 64, 80,    
  587,  0,         4,      4888,  12728885, ctl,  0, 64, 88,    
  588,  0,         4,      4892,  12739301, ctl,  0, 64, 95,    
  589,  0,         3,      4895,  12747113, ctl,  0, 64,100,    
  590,  0,         1,      4896,  12749717, nof,  0, 46,  0,    
  591,  0,         3,      4899,  12757529, ctl,  0, 64,105,    
  592,  0,         4,      4903,  12767945, ctl,  0, 64,108,    
  593,  0,         3,      4906,  12775757, nof,  0, 52,  0,    
  594,  0,         1,      4907,  12778361, ctl,  0, 64,111,    
  595,  0,         4,      4911,  12788777, ctl,  0, 64,112,    
  596,  0,         4,      4915,  12799193, ctl,  0, 64,113,    
  597,  0,         3,      4918,  12807005, ctl,  0, 64,114,    
  598,  0,         1,      4919,  12809609, nof,  0, 59,  0,    
  599,  0,         3,      4922,  12817421, ctl,  0, 64,115,    
  600,  0,        23,      4945,  12877316, ctl,  0, 64,114,    
  601,  0,        14,      4959,  12913774, nof,  0, 24,  0,    
  602,  0,         2,      4961,  12918982, ctl,  0, 64,113,    
  603,  0,         3,      4964,  12926794, ctl,  0, 64,114,    
  604,  0,         4,      4968,  12937210, ctl,  0, 64,113,    
  605,  0,         8,      4976,  12958043, ctl,  0, 64,112,    
  606,  0,        20,      4996,  13010126, nof,  0, 34,  0,    
  607,  0,        16,      5012,  13051792, non,  0, 82, 28, A#5
  608,  0,        21,      5033,  13106479, nof,  0, 82,  0,    
  609,  0,       260,      5293,  13783562, non,  0, 49, 40, C#3
  610,  0,        40,      5333,  13887728, nof,  0, 49,  0,    
  611,  0,         0,      5333,  13887728, non,  0, 47, 34,  B2
  612,  0,        25,      5358,  13952832, nof,  0, 47,  0,    
  613,  0,         7,      5365,  13971061, non,  0, 74, 45,  D5
  614,  0,        33,      5398,  14056998, nof,  0, 74,  0,    
  615,  0,        16,      5414,  14098664, non,  0, 89, 52,  F6
  616,  0,        24,      5438,  14161164, nof,  0, 89,  0,    
  617,  0,        34,      5472,  14249705, non,  0, 69, 57,  A4
  618,  0,        17,      5489,  14293975, nof,  0, 69,  0,    
  619,  0,        42,      5531,  14403350, non,  0, 52, 42,  E3
  620,  0,        10,      5541,  14429391, ctl,  0, 64,111,    
  621,  0,        19,      5560,  14478870, ctl,  0, 64,112,    
  622,  0,        25,      5585,  14543974, non,  0, 62, 60,  D4
  623,  0,        14,      5599,  14580432, nof,  0, 62,  0,    
  624,  0,        11,      5610,  14609077, ctl,  0, 64,111,    
  625,  0,        11,      5621,  14637722, ctl,  0, 64,110,    
  626,  0,         8,      5629,  14658555, ctl,  0, 64,109,    
  627,  0,         2,      5631,  14663763, nof,  0, 52,  0,    
  628,  0,         9,      5640,  14687200, ctl,  0, 64,108,    
  629,  0,        21,      5661,  14741887, non,  0, 34, 68, A#1
  630,  0,         6,      5667,  14757512, ctl,  0, 64,109,    
  631,  0,         4,      5671,  14767928, ctl,  0, 64,108,    
  632,  0,         4,      5675,  14778344, ctl,  0, 64,109,    
  633,  0,         4,      5679,  14788760, ctl,  0, 64,108,    
  634,  0,         3,      5682,  14796572, nof,  0, 34,  0,    
  635,  0,         8,      5690,  14817405, ctl,  0, 64,107,    
  636,  0,        20,      5710,  14869488, ctl,  0, 64,108,    
  637,  0,        23,      5733,  14929383, ctl,  0, 64,107,    
  638,  0,        11,      5744,  14958028, ctl,  0, 64,106,    
  639,  0,         6,      5750,  14973653, non,  0, 52, 70,  E3
  640,  0,         6,      5756,  14989278, ctl,  0, 64,107,    
  641,  0,        34,      5790,  15077819, ctl,  0, 64,106,    
  642,  0,         6,      5796,  15093444, non,  0, 24, 73,  C1
  643,  0,         1,      5797,  15096048, nof,  0, 52,  0,    
  644,  0,         8,      5805,  15116881, ctl,  0, 64,107,    
  645,  0,        16,      5821,  15158547, ctl,  0, 64,106,    
  646,  0,         1,      5822,  15161151, nof,  0, 24,  0,    
  647,  0,        22,      5844,  15218442, non,  0, 62, 84,  D4
  648,  0,        15,      5859,  15257504, ctl,  0, 64,107,    
  649,  0,         8,      5867,  15278337, ctl,  0, 64,106,    
  650,  0,        24,      5891,  15340837, non,  0, 64, 62,  E4
  651,  0,        28,      5919,  15413753, nof,  0, 62,  0,    
  652,  0,        15,      5934,  15452815, nof,  0, 64,  0,    
  653,  0,        18,      5952,  15499690, non,  0, 42, 65, F#2
  654,  0,        22,      5974,  15556981, ctl,  0, 64,105,    
  655,  0,         4,      5978,  15567397, nof,  0, 42,  0,    
  656,  0,        24,      6002,  15629897, ctl,  0, 64,106,    
  657,  0,         4,      6006,  15640313, ctl,  0, 64,105,    
  658,  0,        18,      6024,  15687188, non,  0, 68, 76, G#4
  659,  0,         5,      6029,  15700208, non,  0, 64, 44,  E4
  660,  0,         3,      6032,  15708020, ctl,  0, 64,104,    
  661,  0,        38,      6070,  15806978, ctl,  0, 64,103,    
  662,  0,         4,      6074,  15817394, ctl,  0, 64,104,    
  663,  0,         4,      6078,  15827810, ctl,  0, 64,103,    
  664,  0,        12,      6090,  15859060, ctl,  0, 64,104,    
  665,  0,         4,      6094,  15869476, ctl,  0, 64,103,    
  666,  0,        12,      6106,  15900726, non,  0, 56, 32, G#3
  667,  0,        16,      6122,  15942392, non,  0, 66, 11, F#4
  668,  0,        20,      6142,  15994475, nof,  0, 56,  0,    
  669,  0,        12,      6154,  16025725, non,  0, 57, 36,  A3
  670,  0,        28,      6182,  16098641, non,  0, 56, 50, G#3
  671,  0,         1,      6183,  16101245, nof,  0, 57,  0,    
  672,  0,        35,      6218,  16192390, nof,  0, 56,  0,    
  673,  0,        10,      6228,  16218431, non,  0, 57, 47,  A3
  674,  0,        33,      6261,  16304368, nof,  0, 57,  0,    
  675,  0,         6,      6267,  16319993, nof,  0, 66,  0,    
  676,  0,        10,      6277,  16346034, nof,  0, 68,  0,    
  677,  0,         7,      6284,  16364263, nof,  0, 64,  0,    
  678,  0,         5,      6289,  16377283, ctl,  0, 64,104,    
  679,  0,         3,      6292,  16385095, non,  0, 24, 27,  C1
  680,  0,         9,      6301,  16408532, ctl,  0, 64,105,    
  681,  0,        11,      6312,  16437177, ctl,  0, 64,106,    
  682,  0,         4,      6316,  16447593, ctl,  0, 64,107,    
  683,  0,         4,      6320,  16458009, ctl,  0, 64,108,    
  684,  0,         4,      6324,  16468425, ctl,  0, 64,109,    
  685,  0,         4,      6328,  16478841, ctl,  0, 64,111,    
  686,  0,         4,      6332,  16489257, ctl,  0, 64,112,    
  687,  0,         7,      6339,  16507486, ctl,  0, 64,113,    
  688,  0,         4,      6343,  16517902, non,  0, 30, 32, F#1
  689,  0,         4,      6347,  16528318, ctl,  0, 64,114,    
  690,  0,         4,      6351,  16538734, ctl,  0, 64,115,    
  691,  0,         4,      6355,  16549150, ctl,  0, 64,116,    
  692,  0,         7,      6362,  16567379, ctl,  0, 64,117,    
  693,  0,         8,      6370,  16588212, ctl,  0, 64,118,    
  694,  0,         6,      6376,  16603837, nof,  0, 24,  0,    
  695,  0,        18,      6394,  16650712, nof,  0, 30,  0,    
  696,  0,         7,      6401,  16668941, ctl,  0, 64,119,    
  697,  0,        11,      6412,  16697586, ctl,  0, 64,120,    
  698,  0,        35,      6447,  16788731, ctl,  0, 64,121,    
  699,  0,        27,      6474,  16859043, ctl,  0, 64,120,    
  700,  0,         9,      6483,  16882480, ctl,  0, 66,  0,    
  701,  0,        14,      6497,  16918938, ctl,  0, 64,121,    
  702,  0,       338,      6835,  17799146, ctl,  0, 64,120,    
  703,  0,        11,      6846,  17827791, ctl,  0, 64,119,    
  704,  0,        12,      6858,  17859041, ctl,  0, 64,118,    
  705,  0,         7,      6865,  17877270, ctl,  0, 64,116,    
  706,  0,         4,      6869,  17887686, ctl,  0, 64,115,    
  707,  0,         4,      6873,  17898102, ctl,  0, 64,114,    
  708,  0,         4,      6877,  17908518, ctl,  0, 64,113,    
  709,  0,         4,      6881,  17918934, ctl,  0, 64,111,    
  710,  0,         4,      6885,  17929350, ctl,  0, 64,109,    
  711,  0,         3,      6888,  17937162, ctl,  0, 64,108,    
  712,  0,         4,      6892,  17947578, ctl,  0, 64,105,    
  713,  0,         4,      6896,  17957994, ctl,  0, 64,102,    
  714,  0,         4,      6900,  17968410, ctl,  0, 64, 99,    
  715,  0,         4,      6904,  17978826, ctl,  0, 64, 96,    
  716,  0,         4,      6908,  17989242, ctl,  0, 64, 92,    
  717,  0,         3,      6911,  17997054, ctl,  0, 64, 89,    
  718,  0,         4,      6915,  18007470, ctl,  0, 64, 85,    
  719,  0,         4,      6919,  18017886, ctl,  0, 64, 81,    
  720,  0,         4,      6923,  18028302, ctl,  0, 64, 77,    
  721,  0,         4,      6927,  18038718, ctl,  0, 64, 73,    
  722,  0,         4,      6931,  18049134, ctl,  0, 64, 68,    
  723,  0,         4,      6935,  18059550, ctl,  0, 64, 63,    
  724,  0,         3,      6938,  18067362, ctl,  0, 64, 59,    
  725,  0,         4,      6942,  18077778, ctl,  0, 64, 55,    
  726,  0,         4,      6946,  18088194, ctl,  0, 64, 51,    
  727,  0,         4,      6950,  18098610, ctl,  0, 64, 49,    
  728,  0,         4,      6954,  18109026, ctl,  0, 64, 47,    
  729,  0,         4,      6958,  18119442, ctl,  0, 64, 45,    
  730,  0,         3,      6961,  18127254, ctl,  0, 64, 44,    
  731,  0,         4,      6965,  18137670, ctl,  0, 66,127,    
  732,  0,         1,      6966,  18140274, ctl,  0, 64, 42,    
  733,  0,         3,      6969,  18148086, ctl,  0, 64, 39,    
  734,  0,         4,      6973,  18158502, ctl,  0, 64, 36,    
  735,  0,         4,      6977,  18168918, ctl,  0, 64, 32,    
  736,  0,         4,      6981,  18179334, ctl,  0, 64, 27,    
  737,  0,         3,      6984,  18187146, ctl,  0, 64, 22,    
  738,  0,         4,      6988,  18197562, ctl,  0, 64, 17,    
  739,  0,         4,      6992,  18207978, ctl,  0, 64, 13,    
  740,  0,         4,      6996,  18218394, ctl,  0, 64,  9,    
  741,  0,         4,      7000,  18228810, ctl,  0, 64,  7,    
  742,  0,         4,      7004,  18239226, ctl,  0, 64,  6,    
  743,  0,        15,      7019,  18278288, ctl,  0, 64,  5,    
  744,  0,        23,      7042,  18338183, ctl,  0, 64,  4,    
  745,  0,        31,      7073,  18418912, ctl,  0, 64,  3,    
  746,  0,        19,      7092,  18468391, ctl,  0, 64,  4,    
  747,  0,        11,      7103,  18497036, ctl,  0, 64,  3,    
  748,  0,        12,      7115,  18528286, ctl,  0, 64,  4,    
  749,  0,         2,      7117,  18533494, non,  0, 64, 31,  E4
  750,  0,         2,      7119,  18538702, ctl,  0, 64,  3,    
  751,  0,         4,      7123,  18549118, ctl,  0, 64,  4,    
  752,  0,         0,      7123,  18549118, non,  0, 56, 14, G#3
  753,  0,         0,      7123,  18549118, non,  0, 52, 21,  E3
  754,  0,         1,      7124,  18551722, non,  0, 62, 22,  D4
  755,  0,         0,      7124,  18551722, non,  0, 34, 17, A#1
  756,  0,         3,      7127,  18559534, non,  0, 57, 16,  A3
  757,  0,         3,      7130,  18567346, ctl,  0, 64,  3,    
  758,  0,         1,      7131,  18569950, non,  0, 24, 14,  C1
  759,  0,         1,      7132,  18572554, non,  0, 30,  5, F#1
  760,  0,        14,      7146,  18609012, ctl,  0, 64,  0,    
  761,  0,         4,      7150,  18619428, ctl,  0, 64,  2,    
  762,  0,         3,      7153,  18627240, ctl,  0, 64,  0,    
  763,  0,        43,      7196,  18739219, ctl,  0, 64,  2,    
  764,  0,         4,      7200,  18749635, ctl,  0, 64,  3,    
  765,  0,         3,      7203,  18757447, ctl,  0, 64,  4,    
  766,  0,         4,      7207,  18767863, ctl,  0, 64,  8,    
  767,  0,         4,      7211,  18778279, ctl,  0, 64, 13,    
  768,  0,         4,      7215,  18788695, ctl,  0, 64, 20,    
  769,  0,         4,      7219,  18799111, ctl,  0, 64, 28,    
  770,  0,         4,      7223,  18809527, ctl,  0, 64, 36,    
  771,  0,         3,      7226,  18817339, ctl,  0, 64, 44,    
  772,  0,         4,      7230,  18827755, ctl,  0, 64, 50,    
  773,  0,         2,      7232,  18832963, nof,  0, 57,  0,    
  774,  0,         2,      7234,  18838171, nof,  0, 52,  0,    
  775,  0,         0,      7234,  18838171, ctl,  0, 64, 55,    
  776,  0,         4,      7238,  18848587, ctl,  0, 64, 62,    
  777,  0,         4,      7242,  18859003, ctl,  0, 64, 70,    
  778,  0,         2,      7244,  18864211, nof,  0, 56,  0,    
  779,  0,         2,      7246,  18869419, ctl,  0, 64, 78,    
  780,  0,         3,      7249,  18877231, ctl,  0, 64, 85,    
  781,  0,         1,      7250,  18879835, nof,  0, 62,  0,    
  782,  0,         3,      7253,  18887647, ctl,  0, 64, 91,    
  783,  0,         4,      7257,  18898063, ctl,  0, 64, 96,    
  784,  0,         2,      7259,  18903271, nof,  0, 64,  0,    
  785,  0,         2,      7261,  18908479, ctl,  0, 64, 99,    
  786,  0,         4,      7265,  18918895, ctl,  0, 64,101,    
  787,  0,         4,      7269,  18929311, ctl,  0, 64,103,    
  788,  0,         3,      7272,  18937123, ctl,  0, 64,105,    
  789,  0,         4,      7276,  18947539, ctl,  0, 64,106,    
  790,  0,         4,      7280,  18957955, ctl,  0, 64,107,    
  791,  0,         4,      7284,  18968371, ctl,  0, 64,108,    
  792,  0,         4,      7288,  18978787, ctl,  0, 64,110,    
  793,  0,         2,      7290,  18983995, nof,  0, 30,  0,    
  794,  0,         1,      7291,  18986599, nof,  0, 34,  0,    
  795,  0,         1,      7292,  18989203, ctl,  0, 64,111,    
  796,  0,         7,      7299,  19007432, nof,  0, 24,  0,    
  797,  0,         0,      7299,  19007432, ctl,  0, 64,112,    
  798,  0,        31,      7330,  19088161, ctl,  0, 64,113,    
  799,  0,         8,      7338,  19108994, ctl,  0, 64,114,    
  800,  0,         4,      7342,  19119410, non,  0, 78, 60, F#5
  801,  0,         7,      7349,  19137639, non,  0, 68, 41, G#4
  802,  0,         0,      7349,  19137639, ctl,  0, 64,115,    
  803,  0,        27,      7376,  19207951, ctl,  0, 64,116,    
  804,  0,         8,      7384,  19228784, ctl,  0, 64,115,    
  805,  0,        15,      7399,  19267846, ctl,  0, 64,116,    
  806,  0,        18,      7417,  19314721, nof,  0, 68,  0,    
  807,  0,        17,      7434,  19358991, ctl,  0, 64,117,    
  808,  0,        11,      7445,  19387636, nof,  0, 78,  0,    
  809,  0,        16,      7461,  19429302, ctl,  0, 64,116,    
  810,  0,         3,      7464,  19437114, ctl,  0, 64,117,    
  811,  0,        45,      7509,  19554301, non,  0, 59, 30,  B3
  812,  0,         2,      7511,  19559509, ctl,  0, 64,116,    
  813,  0,         3,      7514,  19567321, ctl,  0, 64,117,    
  814,  0,         4,      7518,  19577737, ctl,  0, 64,116,    
  815,  0,         4,      7522,  19588153, ctl,  0, 64,117,    
  816,  0,        23,      7545,  19648048, ctl,  0, 64,116,    
  817,  0,         4,      7549,  19658464, ctl,  0, 64,117,    
  818,  0,         4,      7553,  19668880, ctl,  0, 64,116,    
  819,  0,         4,      7557,  19679296, ctl,  0, 64,117,    
  820,  0,        21,      7578,  19733983, nof,  0, 59,  0,    
  821,  0,        17,      7595,  19778253, ctl,  0, 64,116,    
  822,  0,         4,      7599,  19788669, ctl,  0, 64,117,    
  823,  0,         4,      7603,  19799085, ctl,  0, 64,116,    
  824,  0,         4,      7607,  19809501, ctl,  0, 64,117,    
  825,  0,        11,      7618,  19838146, non,  0, 82, 31, A#5
  826,  0,        19,      7637,  19887625, ctl,  0, 64,116,    
  827,  0,         4,      7641,  19898041, ctl,  0, 64,117,    
  828,  0,         3,      7644,  19905853, non,  0, 50, 33,  D3
  829,  0,         1,      7645,  19908457, ctl,  0, 64,116,    
  830,  0,         3,      7648,  19916269, nof,  0, 82,  0,    
  831,  0,         1,      7649,  19918873, ctl,  0, 64,117,    
  832,  0,         4,      7653,  19929289, ctl,  0, 64,116,    
  833,  0,         3,      7656,  19937101, ctl,  0, 64,117,    
  834,  0,         8,      7664,  19957934, ctl,  0, 64,116,    
  835,  0,         4,      7668,  19968350, ctl,  0, 64,117,    
  836,  0,         4,      7672,  19978766, ctl,  0, 64,116,    
  837,  0,         5,      7677,  19991786, nof,  0, 50,  0,    
  838,  0,         6,      7683,  20007411, ctl,  0, 64,117,    
  839,  0,         4,      7687,  20017827, ctl,  0, 64,116,    
  840,  0,        14,      7701,  20054285, non,  0, 59, 35,  B3
  841,  0,        23,      7724,  20114180, non,  0, 82, 31, A#5
  842,  0,         9,      7733,  20137617, ctl,  0, 64,117,    
  843,  0,         4,      7737,  20148033, ctl,  0, 64,116,    
  844,  0,         0,      7737,  20148033, nof,  0, 59,  0,    
  845,  0,         4,      7741,  20158449, ctl,  0, 64,117,    
  846,  0,         4,      7745,  20168865, ctl,  0, 64,116,    
  847,  0,         7,      7752,  20187094, nof,  0, 82,  0,    
  848,  0,        22,      7774,  20244385, non,  0, 59, 41,  B3
  849,  0,        25,      7799,  20309489, ctl,  0, 64,117,    
  850,  0,         3,      7802,  20317301, non,  0, 82, 30, A#5
  851,  0,         0,      7802,  20317301, ctl,  0, 64,116,    
  852,  0,        13,      7815,  20351155, nof,  0, 59,  0,    
  853,  0,        11,      7826,  20379800, nof,  0, 82,  0,    
  854,  0,        33,      7859,  20465737, non,  0, 94, 20, A#6
  855,  0,        25,      7884,  20530841, nof,  0, 94,  0,    
  856,  0,        17,      7901,  20575111, non,  0, 50, 23,  D3
  857,  0,        56,      7957,  20720944, nof,  0, 50,  0,    
  858,  0,       226,      8183,  21309485, ctl,  0, 64,115,    
  859,  0,         3,      8186,  21317297, ctl,  0, 64,116,    
  860,  0,       200,      8386,  21838130, ctl,  0, 64,115,    
  861,  0,         4,      8390,  21848546, ctl,  0, 64,116,    
  862,  0,         4,      8394,  21858962, ctl,  0, 64,115,    
  863,  0,         4,      8398,  21869378, ctl,  0, 64,116,    
  864,  0,       153,      8551,  22267815, ctl,  0, 64,115,    
  865,  0,         8,      8559,  22288648, ctl,  0, 64,116,    
  866,  0,         4,      8563,  22299064, ctl,  0, 64,115,    
  867,  0,         4,      8567,  22309480, ctl,  0, 64,116,    
  868,  0,       161,      8728,  22728750, ctl,  0, 64,115,    
  869,  0,        30,      8758,  22806875, ctl,  0, 64,116,    
  870,  0,         4,      8762,  22817291, ctl,  0, 64,115,    
  871,  0,        38,      8800,  22916249, ctl,  0, 64,116,    
  872,  0,         4,      8804,  22926665, ctl,  0, 64,115,    
  873,  0,       150,      8954,  23317290, ctl,  0, 64,114,    
  874,  0,         8,      8962,  23338123, ctl,  0, 64,115,    
  875,  0,        84,      9046,  23556873, ctl,  0, 64,114,    
  876,  0,         8,      9054,  23577706, ctl,  0, 64,113,    
  877,  0,         8,      9062,  23598539, ctl,  0, 64,112,    
  878,  0,        38,      9100,  23697497, ctl,  0, 64,111,    
  879,  0,        12,      9112,  23728747, ctl,  0, 64,110,    
  880,  0,         7,      9119,  23746976, ctl,  0, 64,109,    
  881,  0,         8,      9127,  23767809, ctl,  0, 64,108,    
  882,  0,         8,      9135,  23788642, ctl,  0, 64,107,    
  883,  0,         7,      9142,  23806871, ctl,  0, 64,106,    
  884,  0,        16,      9158,  23848537, ctl,  0, 64,105,    
  885,  0,         7,      9165,  23866766, ctl,  0, 64,104,    
  886,  0,         4,      9169,  23877182, ctl,  0, 64,102,    
  887,  0,         4,      9173,  23887598, ctl,  0, 64,100,    
  888,  0,         4,      9177,  23898014, ctl,  0, 64, 99,    
  889,  0,         4,      9181,  23908430, ctl,  0, 64, 97,    
  890,  0,         4,      9185,  23918846, ctl,  0, 64, 95,    
  891,  0,         3,      9188,  23926658, ctl,  0, 64, 94,    
  892,  0,         4,      9192,  23937074, ctl,  0, 64, 92,    
  893,  0,         4,      9196,  23947490, ctl,  0, 64, 90,    
  894,  0,         4,      9200,  23957906, ctl,  0, 64, 87,    
  895,  0,         4,      9204,  23968322, ctl,  0, 64, 85,    
  896,  0,         4,      9208,  23978738, ctl,  0, 64, 82,    
  897,  0,         3,      9211,  23986550, ctl,  0, 64, 79,    
  898,  0,         4,      9215,  23996966, ctl,  0, 64, 75,    
  899,  0,         4,      9219,  24007382, ctl,  0, 64, 72,    
  900,  0,         4,      9223,  24017798, ctl,  0, 64, 69,    
  901,  0,         4,      9227,  24028214, ctl,  0, 64, 66,    
  902,  0,         4,      9231,  24038630, ctl,  0, 64, 63,    
  903,  0,         3,      9234,  24046442, ctl,  0, 64, 60,    
  904,  0,         4,      9238,  24056858, ctl,  0, 64, 56,    
  905,  0,         4,      9242,  24067274, ctl,  0, 64, 53,    
  906,  0,         4,      9246,  24077690, ctl,  0, 64, 48,    
  907,  0,         4,      9250,  24088106, ctl,  0, 64, 44,    
  908,  0,         4,      9254,  24098522, ctl,  0, 64, 39,    
  909,  0,         3,      9257,  24106334, ctl,  0, 64, 33,    
  910,  0,         4,      9261,  24116750, ctl,  0, 64, 26,    
  911,  0,         4,      9265,  24127166, ctl,  0, 64, 20,    
  912,  0,         4,      9269,  24137582, ctl,  0, 64, 14,    
  913,  0,         4,      9273,  24147998, ctl,  0, 64,  9,    
  914,  0,         4,      9277,  24158414, ctl,  0, 64,  6,    
  915,  0,         3,      9280,  24166226, ctl,  0, 64,  3,    
  916,  0,         8,      9288,  24187059, ctl,  0, 64,  0,    
  917,  0,       211,      9499,  24736538, ctl,  0, 66,  0,    
  918,  0,       510,     10009,  26064663, ctl,  0, 66,127,    
  919,  0,       418,     10427,  27153204, ctl,  0, 66,  0,    
  920,  0,         1,     10428,  27155808,eot,,,,    
